Nº chamada;Nº REDS;Data/hora de criação;Local do fato;Latitude  do local;Longitude do local;Natureza;Unidade Responsável;Recursos empenhados;Alerta;Destaque;Envolve autoridade;Tipo de classificação;Situação;Data/hora da situação atual;Evento associado
2020-10896603-3;(BM) 2020-025990460-001;01/06/2020 09:35;RUA RIO PARDO, Nº S/N - RECANTO DA HARMONIA - PASSOS;-207.040.154;-466.000.288;V01007 - VITIMA COM DISPNEIA (FALTA DE AR) (C) (Prioridade: 1 - Alta);1CIA IND/2CIA/1PEL(PASSOS);UR0565;Não;Não;Não;BOLETIM DE OCORRENCIA;Classificada;03/06/2020 09:31;Não
2020-10898677-0;(BM) 2020-026026052-001;01/06/2020 13:07;RUA DOUTOR CARVALHO, Nº 1455 - NOSSA SENHORA DAS GRAÇAS - PASSOS;-207.352.269;-466.037.303;W04000 - NADA CONSTATADO (C) (Prioridade: 3 - Baixa);1CIA IND/2CIA/1PEL(PASSOS);ABTS0495;Não;Não;Não;BOLETIM DE OCORRENCIA;Classificada;03/06/2020 09:34;Não
2020-10898973-3;(BM) 2020-026027200-001;01/06/2020 13:37;RUA SAO FRANCISCO DE ASSIS, Nº 1125 - RESIDENCIAL ELDORADO - PASSOS;-207.287.956;-466.227.569;O04012 - INCENDIO EM LOTE VAGO (AREA URBANA) (C) (Prioridade: 2 - Média);1CIA IND/2CIA/1PEL(PASSOS);ABTS0495;Não;Não;Não;BOLETIM DE OCORRENCIA;Classificada;03/06/2020 09:33;Não
2020-10904439-0;(BM) 2020-026107472-001;01/06/2020 20:19;RUA CORONEL JOAO LOURENCO, Nº 122 - PARQUE DA ESTACAO - PASSOS;-207.078.162;-46.613.048;W04000 - NADA CONSTATADO (C) (Prioridade: 3 - Baixa);1CIA IND/2CIA/1PEL(PASSOS);ASL00064;Não;Não;Não;BOLETIM DE OCORRENCIA;Classificada;03/06/2020 09:32;Não
2020-10904748-5;(BM) 2020-026107626-001;01/06/2020 20:45;RUA ELVIRA SILVEIRA COIMBRA, Nº 362 - CENTRO - PASSOS;-207.230.614;-466.115.508;S06001 - SALVAMENTO DE ANIMAL EM RISCO / PERIGO (C) (Prioridade: 2 - Média);1CIA IND/2CIA/1PEL(PASSOS);ASL00064;Não;Não;Não;BOLETIM DE OCORRENCIA;Classificada;03/06/2020 09:32;Não
2020-10906830-5;(BM) 2020-026137400-001;02/06/2020 01:38;RUA SEBASTIAO TEOFILO, Nº 250 - NOVA CALIFORNIA - PASSOS;-207.012.189;-46.621.638;V01007 - VITIMA COM DISPNEIA (FALTA DE AR) (C) (Prioridade: 1 - Alta);1CIA IND/2CIA/1PEL(PASSOS);UR0565;Não;Não;Não;BOLETIM DE OCORRENCIA;Classificada;03/06/2020 07:07;Não
2020-10908848-1;(BM) 2020-026162563-001;02/06/2020 09:38;RUA CANJERANUS, Nº 940 - CANJERANUS - PASSOS;-207.112.789;-466.070.677;P01002 - VISTORIA DE LIBERACAO / EMISSAO DE AVCB (C) (Prioridade: 2 - Média);1CIA IND/2CIA/PEL PREV E VIST(PASSOS);APF01362;Não;Não;Não;BOLETIM DE OCORRENCIA;Classificada;03/06/2020 06:47;Não
2020-10909372-9;(BM) 2020-026169671-001;02/06/2020 10:20;RUA TUPIS, Nº 325 - CANDEIAS - PASSOS;-20.721.762;-466.189.624;S06005 - CAPTURA DE INSETOS (C) (Prioridade: 2 - Média);1CIA IND/2CIA/1PEL(PASSOS);ASL00064;Não;Não;Não;BOLETIM DE OCORRENCIA;Classificada;03/06/2020 06:48;Não
2020-10909653-8;(BM) 2020-026174815-001;02/06/2020 10:46;RUA BRANDOES, Nº 231 - BELO HORIZONTE - PASSOS;-207.258.514;-466.060.957;P01002 - VISTORIA DE LIBERACAO / EMISSAO DE AVCB (C) (Prioridade: 2 - Média);1CIA IND/2CIA/PEL PREV E VIST(PASSOS);APF01362 / ABTS0495;Não;Não;Não;BOLETIM DE OCORRENCIA;Classificada;03/06/2020 06:49;Não
2020-10910751-4;(BM) 2020-026189538-001;02/06/2020 12:44;RUA EUNICE BERALDO LEMOS GOMES, Nº 307 - PENHA 2 - PASSOS;-207.177.203;-466.330.802;V01023 - VITIMA DE SINCOPE (DESMAIO) (C) (Prioridade: 1 - Alta);1CIA IND/2CIA/1PEL(PASSOS);UR0565;Não;Não;Não;BOLETIM DE OCORRENCIA;Classificada;03/06/2020 07:07;Não
2020-10914821-0;(BM) 2020-026247875-001;02/06/2020 17:30;RUA DOS PROFESSORES, Nº 78 - NOSSA SENHORA DAS GRAÇAS - PASSOS;-207.368.322;-466.044.619;V03018 - VITIMA DE QUEDA DA PROPRIA ALTURA (C) (Prioridade: 1 - Alta);1CIA IND/2CIA/1PEL(PASSOS);UR0565;Não;Não;Não;BOLETIM DE OCORRENCIA;Classificada;03/06/2020 07:07;Não
2020-10916084-4;(BM) 2020-026267092-001;02/06/2020 19:04;RUA TUPIS, Nº 26 - CANDEIAS - PASSOS;-207.204.056;-466.157.863;S06005 - CAPTURA DE INSETOS (C) (Prioridade: 2 - Média);1CIA IND/2CIA/1PEL(PASSOS);ASL00064;Não;Não;Não;BOLETIM DE OCORRENCIA;Classificada;03/06/2020 06:52;Não
2020-10916858-0;(BM) 2020-026282088-001;02/06/2020 20:05;AVENIDA JUCA STOCKLER, Nº 3002 - ACLIMACAO - PASSOS;-207.510.139;-46.598.276;V02408 - VITIMA DE COLISAO ENTRE AUTOMOVEL X MOTOCICLETA (C) (Prioridade: 1 - Alta);1CIA IND/2CIA/1PEL(PASSOS);UR0565;Não;Não;Não;BOLETIM DE OCORRENCIA;Classificada;02/06/2020 20:56;Não
2020-10917512-1;(BM) 2020-026282664-001;02/06/2020 20:59;RUA CORONEL JOAO LOURENCO, Nº 122 - PARQUE DA ESTACAO - PASSOS;-207.078.162;-46.613.048;S06002 - CAPTURA DE ANIMAL SILVESTRE PERIGOSO / AGRESSIVO (C) (Prioridade: 2 - Média);1CIA IND/2CIA/1PEL(PASSOS);ASL00064;Não;Não;Não;BOLETIM DE OCORRENCIA;Classificada;03/06/2020 06:53;Não
2020-10918350-7;(BM) 2020-026293363-001;02/06/2020 22:16;AVENIDA DOUTOR BRENO SOARES MAIA, Nº 146 - BELO HORIZONTE - PASSOS;-207.272.712;-466.048.453;S06002 - CAPTURA DE ANIMAL SILVESTRE PERIGOSO / AGRESSIVO (C) (Prioridade: 2 - Média);1CIA IND/2CIA/1PEL(PASSOS);ASL00064;Não;Não;Não;BOLETIM DE OCORRENCIA;Classificada;03/06/2020 06:53;Não
2020-10921177-2;(BM) 2020-026344774-001;03/06/2020 08:11;RODOVIA MG 050, Nº 240 - NOSSA SENHORA DAS GRAÇAS - PASSOS;-207.403.005;-466.036.586;S06002 - CAPTURA DE ANIMAL SILVESTRE PERIGOSO / AGRESSIVO (C) (Prioridade: 2 - Média);1CIA IND/2CIA/1PEL(PASSOS);ASL00064;Não;Não;Não;BOLETIM DE OCORRENCIA;Classificada;04/06/2020 13:52;Não
2020-10921984-4;(BM) 2020-026352680-001;03/06/2020 09:21;RUA TUPIS, Nº 169 - CANDEIAS - PASSOS;-20.721.013;-466.171.308;S06005 - CAPTURA DE INSETOS (C) (Prioridade: 2 - Média);1CIA IND/2CIA/1PEL(PASSOS);UR0565;Não;Não;Não;BOLETIM DE OCORRENCIA;Classificada;04/06/2020 13:52;Não
2020-10924917-3;(BM) 2020-026447094-001;03/06/2020 14:10;RUA SELENITA, Nº S/N - ACLIMACAO - PASSOS;-207.515.534;-466.006.784;O04003 - INCENDIO EM PRODUCAO AGRICOLA / PASTO (C) (Prioridade: 2 - Média);1CIA IND/2CIA/1PEL(PASSOS);ABTS0495;Não;Não;Não;BOLETIM DE OCORRENCIA;Classificada;04/06/2020 13:52;Não
2020-10924964-3;(BM) 2020-026635290-001;03/06/2020 14:12;AVENIDA JUCA STOCKLER, Nº S/N - ACLIMACAO - PASSOS;-20.755.412;-4.659.837;W99000 - OUTROS PROCEDIMENTOS ADMINISTRATIVOS (C) (Prioridade: 3 - Baixa);1CIA IND/2CIA/PEL PREV E VIST(PASSOS);APF01362;Não;Não;Não;BOLETIM DE OCORRENCIA;Classificada;05/06/2020 16:03;Não
2020-10926533-2;(BM) 2020-026447053-001;03/06/2020 15:50;RUA AMAPA, Nº S/N - RECANTO DA HARMONIA - PASSOS;-207.050.098;-465.941.599;O04003 - INCENDIO EM PRODUCAO AGRICOLA / PASTO (C) (Prioridade: 2 - Média);1CIA IND/2CIA/1PEL(PASSOS);ABTS0495;Não;Não;Não;BOLETIM DE OCORRENCIA;Classificada;04/06/2020 13:52;Não
2020-10927521-9;(BM) 2020-026447025-001;03/06/2020 16:55;RUA ONIX, Nº S/N - ACLIMACAO - PASSOS;-207.501.213;-465.967.377;O04003 - INCENDIO EM PRODUCAO AGRICOLA / PASTO (C) (Prioridade: 2 - Média);1CIA IND/2CIA/1PEL(PASSOS);ABTS0495;Não;Não;Não;BOLETIM DE OCORRENCIA;Classificada;04/06/2020 13:52;Não
2020-10928035-6;(BM) 2020-026446992-001;03/06/2020 17:31;RUA VALINHOS, Nº 15 - DISTRITO INDUSTRIAL 2 - PASSOS;-2.073.688;-46.648.457;S06001 - SALVAMENTO DE ANIMAL EM RISCO / PERIGO (C) (Prioridade: 2 - Média);1CIA IND/2CIA/1PEL(PASSOS);ASL00064;Não;Não;Não;BOLETIM DE OCORRENCIA;Classificada;04/06/2020 13:53;Não
2020-10933851-8;(BM) 2020-026512126-001;04/06/2020 06:31;AVENIDA ARLINDO FIGUEIREDO, Nº S/N - JARDIM CIDADE - PASSOS;-207.292.591;-466.250.794;V03018 - VITIMA DE QUEDA DA PROPRIA ALTURA (C) (Prioridade: 1 - Alta);1CIA IND/2CIA/1PEL(PASSOS);UR0565;Não;Não;Não;BOLETIM DE OCORRENCIA;Classificada;04/06/2020 13:53;Não
2020-10934064-9;(BM) 2020-026514861-001;04/06/2020 07:19;RUA BOIADEIROS, Nº 276 - PENHA - PASSOS;-207.202.732;-466.187.106;V01018 - VITIMA DE MAL NAO DEFINIDO (DISTURBIO) (C) (Prioridade: 1 - Alta);1CIA IND/2CIA/1PEL(PASSOS);UR0565;Não;Não;Não;BOLETIM DE OCORRENCIA;Classificada;04/06/2020 13:53;Não
2020-10937411-7;(BM) 2020-026558482-001;04/06/2020 12:41;RUA PRESIDENTE ANTONIO CARLOS, Nº S/N - CENTRO - PASSOS;-207.194.154;-466.092.794;V01023 - VITIMA DE SINCOPE (DESMAIO) (C) (Prioridade: 1 - Alta);1CIA IND/2CIA/1PEL(PASSOS);UR0565;Não;Não;Não;BOLETIM DE OCORRENCIA;Classificada;05/06/2020 16:02;Não
2020-10938044-3;(BM) 2020-026589430-001;04/06/2020 13:51;RUA ITAJAI, Nº S/N - VILA RICA - PASSOS;-207.273.072;-465.946.296;O04012 - INCENDIO EM LOTE VAGO (AREA URBANA) (C) (Prioridade: 2 - Média);1CIA IND/2CIA/1PEL(PASSOS);ABTS0495;Não;Não;Não;BOLETIM DE OCORRENCIA;Classificada;05/06/2020 16:02;Não
2020-10939853-6;(BM) 2020-026593018-001;04/06/2020 15:43;RUA RIO DOCE, Nº 480 - SANTA LUZIA - PASSOS;-207.077.627;-466.017.956;V01024 - VITIMA DE SUICIDIO (TENTATIVA) - APH CLINICO (C) (Prioridade: 1 - Alta);1CIA IND/2CIA/1PEL(PASSOS);ASL00064;Não;Não;Não;BOLETIM DE OCORRENCIA;Classificada;05/06/2020 16:03;Não
2020-10941919-5;(BM) 2020-026623830-001;04/06/2020 17:56;AVENIDA JK, Nº S/N - MONSENHOR MESSIAS - PASSOS;-207.375.965;-465.963.062;O04012 - INCENDIO EM LOTE VAGO (AREA URBANA) (C) (Prioridade: 2 - Média);1CIA IND/2CIA/1PEL(PASSOS);ABTS0495;Não;Não;Não;BOLETIM DE OCORRENCIA;Classificada;05/06/2020 16:02;Não
2020-10943121-1;(BM) 2020-026639965-001;04/06/2020 19:24;RUA NOVA LIMA, Nº 35 - JARDIM SATELITE - PASSOS;-207.126.477;-466.253.958;V01010 - VITIMA COM DOR PRECORDIAL (PEITO) (C) (Prioridade: 1 - Alta);1CIA IND/2CIA/1PEL(PASSOS);UR0565;Não;Não;Não;BOLETIM DE OCORRENCIA;Classificada;05/06/2020 16:03;Não
2020-10949874-2;(BM) 2020-026733923-001;05/06/2020 10:11;RUA RIO GRANDE DO NORTE, Nº 630 - BELA VISTA - PASSOS;-207.173.832;-465.959.646;V01003 - VITIMA COM CRISE CONVULSIVA (C) (Prioridade: 1 - Alta);1CIA IND/2CIA/1PEL(PASSOS);UR0565;Não;Não;Não;BOLETIM DE OCORRENCIA;Classificada;05/06/2020 10:50;Não
2020-10951197-9;;05/06/2020 12:16;AVENIDA DONA LIQUINHA SILVEIRA, Nº 841 - PASSOS;-20.722.881;-466.286.899;W03000 - SOLICITANTE ENCONTRADO - PROVIDENCIA DISPENSADA (C) (Prioridade: 3 - Baixa);1CIA IND/2CIA/1PEL(PASSOS);ASL00064;Não;Não;Não;DISPEN-DISPENSADO PELO SOLICITANTE;Classificada;05/06/2020 16:04;Não
2020-10951714-9;(BM) 2020-026754355-001;05/06/2020 13:15;PRACA DOM INACIO, Nº S/N - CENTRO - BOM JESUS DA PENHA;-2.101.652;-465.232.619;P01002 - VISTORIA DE LIBERACAO / EMISSAO DE AVCB (C) (Prioridade: 2 - Média);1CIA IND/2CIA/PEL PREV E VIST(PASSOS);APF01362;Não;Não;Não;BOLETIM DE OCORRENCIA;Classificada;05/06/2020 16:04;Não
2020-10953357-4;(BM) 2020-026785450-001;05/06/2020 15:08;RUA ARIZONA, Nº 60 - RESIDENCIAL ELDORADO - PASSOS;-207.326.263;-466.188.259;O04012 - INCENDIO EM LOTE VAGO (AREA URBANA) (C) (Prioridade: 2 - Média);1CIA IND/2CIA/1PEL(PASSOS);ABTS0495;Não;Não;Não;BOLETIM DE OCORRENCIA;Classificada;05/06/2020 16:08;Não
2020-10953445-0;(BM) 2020-026785594-001;05/06/2020 15:12;PRACA MONSENHOR MESSIAS BRAGANCA, Nº S/N - CENTRO - PASSOS;-207.185.737;-466.101.862;V03018 - VITIMA DE QUEDA DA PROPRIA ALTURA (C) (Prioridade: 1 - Alta);1CIA IND/2CIA/1PEL(PASSOS);UR0565;Não;Não;Não;BOLETIM DE OCORRENCIA;Classificada;05/06/2020 17:42;Não
2020-10953863-0;(BM) 2020-026785500-001;05/06/2020 15:37;PRACA TRINDADE, Nº 10 - JARDIM SATELITE - PASSOS;-207.151.213;-466.162.636;V01006 - VITIMA COM DIFICULDADE DE LOCOMOCAO (C) (Prioridade: 1 - Alta);1CIA IND/2CIA/1PEL(PASSOS);UR0565;Não;Não;Não;BOLETIM DE OCORRENCIA;Classificada;05/06/2020 17:42;Não
2020-10954738-3;(BM) 2020-026811895-001;05/06/2020 16:26;RODOVIA MG 050, Km 327, Nº S/N - DISTRITO INDUSTRIAL 2 - PASSOS;-207.386.288;-465.979.551;S06006 - EXTERMINIO DE INSETOS (C) (Prioridade: 2 - Média);1CIA IND/2CIA/1PEL(PASSOS);ASL00064;Não;Não;Não;BOLETIM DE OCORRENCIA;Classificada;05/06/2020 17:30;Não
2020-10955916-5;(BM) 2020-026841625-001;05/06/2020 17:42;AVENIDA CHAFARIZ, Nº S/N - SERRA DAS BRISAS - PASSOS;-207.368.471;-465.928.922;O04012 - INCENDIO EM LOTE VAGO (AREA URBANA) (C) (Prioridade: 2 - Média);1CIA IND/2CIA/1PEL(PASSOS);ABTS0495;Não;Não;Não;BOLETIM DE OCORRENCIA;Classificada;05/06/2020 19:59;Não
2020-10961612-5;(BM) 2020-026887048-001;06/06/2020 00:35;RUA GERALDO SILVA MAIA, Nº S/N - VILA ROMANA - PASSOS;-20.741.503;-466.118.923;O02033 - INCENDIO EM AMONTOADO DE LIXO (C) (Prioridade: 2 - Média);1CIA IND/2CIA/1PEL(PASSOS);ABTS0495;Não;Não;Não;BOLETIM DE OCORRENCIA;Classificada;06/06/2020 06:05;Não
2020-10963703-0;(BM) 2020-026903293-001;06/06/2020 06:04;RUA RIO PIRACICABA / RUA RIO BRANCO - PASSOS;-207.076.773;-465.998.596;V02408 - VITIMA DE COLISAO ENTRE AUTOMOVEL X MOTOCICLETA (C) (Prioridade: 1 - Alta);1CIA IND/2CIA/1PEL(PASSOS);UR0565;Não;Não;Não;BOLETIM DE OCORRENCIA;Classificada;06/06/2020 06:54;Não
2020-10964998-0;(BM) 2020-026916067-001;06/06/2020 09:18;RUA BEIJA FLOR, Nº 126 - SAO JOAO - PASSOS;-20.736.154;-466.075.911;S06002 - CAPTURA DE ANIMAL SILVESTRE PERIGOSO / AGRESSIVO (C) (Prioridade: 2 - Média);1CIA IND/2CIA/1PEL(PASSOS);ASL00064;Não;Não;Não;BOLETIM DE OCORRENCIA;Classificada;09/06/2020 06:44;Não
2020-10966387-8;(BM) 2020-026931773-001;06/06/2020 11:47;RUA NITEROI, Nº S/N - RECANTO DA HARMONIA - PASSOS;-207.027.612;-465.998.685;V03019 - VITIMA DE QUEDA DE ALTURA (C) (Prioridade: 1 - Alta);1CIA IND/2CIA/1PEL(PASSOS);UR0565;Não;Não;Não;BOLETIM DE OCORRENCIA;Classificada;09/06/2020 06:43;Não
2020-10966843-5;(BM) 2020-026936369-001;06/06/2020 12:52;RUA BOTELHOS, Nº 1227 - RESIDENCIAL PORTAL DAS PALMEIRAS - PASSOS;-206.971.148;-466.119.076;V01001 - VITIMA DE ACIDENTE VASCULAR CEREBRAL (AVC) (C) (Prioridade: 1 - Alta);1CIA IND/2CIA/1PEL(PASSOS);UR0565;Não;Não;Não;BOLETIM DE OCORRENCIA;Classificada;09/06/2020 06:43;Não
2020-10967356-0;(BM) 2020-026944393-001;06/06/2020 13:54;RUA CANJERANUS, Nº S/N - SANTA LUZIA - PASSOS;-207.052.751;-466.034.926;V03018 - VITIMA DE QUEDA DA PROPRIA ALTURA (C) (Prioridade: 1 - Alta);1CIA IND/2CIA/1PEL(PASSOS);UR0565;Não;Não;Não;BOLETIM DE OCORRENCIA;Classificada;09/06/2020 06:43;Não
2020-10967664-1;(BM) 2020-026946232-001;06/06/2020 14:21;ESTRADA PRINCIPAL USINA RIO GRANDE KM 01, Nº S/N - PASSOS;-206.934.442;-465.996.449;V01013 - VITIMA DE EMERGENCIAS PSIQUIATRICAS (C) (Prioridade: 1 - Alta);1CIA IND/2CIA/1PEL(PASSOS);UR0565;Não;Não;Não;BOLETIM DE OCORRENCIA;Classificada;09/06/2020 06:43;Não
2020-10978745-3;(BM) 2020-027052361-001;07/06/2020 03:32;RUA JESO RIBEIRO DE ABREU, Nº S/N - NOVA CALIFORNIA - PASSOS;-206.982.618;-466.233.443;V01009 - VITIMA COM DOR NA COLUNA VERTEBRAL (COSTAS) (C) (Prioridade: 1 - Alta);1CIA IND/2CIA/1PEL(PASSOS);UR0565;Não;Não;Não;BOLETIM DE OCORRENCIA;Classificada;09/06/2020 06:43;Não
2020-10980193-1;(BM) 2020-027079875-001;07/06/2020 08:43;AVENIDA JK, Nº S/N - MONSENHOR MESSIAS - PASSOS;-207.375.965;-465.963.062;P03999 - OUTROS TIPOS DE PCI / PCA   (C) (Prioridade: 2 - Média);1CIA IND/2CIA/1PEL(PASSOS);ASL00064;Não;Não;Não;BOLETIM DE OCORRENCIA;Classificada;09/06/2020 06:44;Não
2020-10981072-2;(BM) 2020-027085989-001;07/06/2020 10:32;RUA GOIAS, Nº S/N - POLIVALENTE - PASSOS;-207.058.038;-466.066.694;V01018 - VITIMA DE MAL NAO DEFINIDO (DISTURBIO) (C) (Prioridade: 1 - Alta);1CIA IND/2CIA/1PEL(PASSOS);UR0565;Não;Não;Não;BOLETIM DE OCORRENCIA;Classificada;09/06/2020 06:43;Não
2020-10983187-5;(BM) 2020-027099822-001;07/06/2020 14:48;RUA WALDOMIRO CAETANO MACHADO, Nº 521 - NOVA CALIFORNIA - PASSOS;-206.992.559;-466.232.174;O04012 - INCENDIO EM LOTE VAGO (AREA URBANA) (C) (Prioridade: 2 - Média);1CIA IND/2CIA/1PEL(PASSOS);ABTS0495;Não;Não;Não;BOLETIM DE OCORRENCIA;Classificada;09/06/2020 06:44;Não
2020-10984600-5;(BM) 2020-027127050-001;07/06/2020 16:32;RODOVIA RODOVIA ANTONIO LEITE GARCIA, Nº S/N - CASSIA;-205.548.246;-469.410.208;W03000 - SOLICITANTE ENCONTRADO - PROVIDENCIA DISPENSADA (C) (Prioridade: 3 - Baixa);1CIA IND/2CIA/1PEL(PASSOS);UR0565 / ASL00064;Não;Não;Não;BOLETIM DE OCORRENCIA;Classificada;09/06/2020 06:44;Não
2020-10986761-5;(BM) 2020-027139698-001;07/06/2020 19:00;RUA RIO PIRACICABA, Nº 451 - SANTA LUZIA - PASSOS;-207.084.533;-466.007.951;V03008 - VITIMA DE ATAQUE DE CAO (C) (Prioridade: 1 - Alta);1CIA IND/2CIA/1PEL(PASSOS);UR0565;Não;Não;Não;BOLETIM DE OCORRENCIA;Classificada;09/06/2020 06:43;Não
2020-10986992-8;(BM) 2020-027146399-001;07/06/2020 19:17;AVENIDA NACOES, Nº 1202 - NOVO MUNDO 4 - PASSOS;-207.292.763;-465.873.944;O04012 - INCENDIO EM LOTE VAGO (AREA URBANA) (C) (Prioridade: 2 - Média);1CIA IND/2CIA/1PEL(PASSOS);ABTS0495;Não;Não;Não;BOLETIM DE OCORRENCIA;Classificada;09/06/2020 06:44;Não
2020-10988246-0;(BM) 2020-027158155-001;07/06/2020 20:46;AVENIDA PERIMETRAL, Nº S/N - PENHA - PASSOS;-207.217.481;-466.215.253;O04012 - INCENDIO EM LOTE VAGO (AREA URBANA) (C) (Prioridade: 2 - Média);1CIA IND/2CIA/1PEL(PASSOS);ABTS0495;Não;Não;Não;BOLETIM DE OCORRENCIA;Classificada;09/06/2020 06:44;Não
2020-10989591-3;(BM) 2020-027184181-001;07/06/2020 22:29;RUA GOIAS, Nº S/N - POLIVALENTE - PASSOS;-207.058.038;-466.066.694;O04012 - INCENDIO EM LOTE VAGO (AREA URBANA) (C) (Prioridade: 2 - Média);1CIA IND/2CIA/1PEL(PASSOS);ABTS0495;Não;Não;Não;BOLETIM DE OCORRENCIA;Classificada;09/06/2020 06:43;Não
2020-10992853-6;(BM) 2020-027210909-001;08/06/2020 08:23;RUA BAHIA, Nº 382 - BELA VISTA - PASSOS;-207.152.215;-465.996.219;V01999 - OUTROS TIPOS DE APH CLINICO (C) (Prioridade: 1 - Alta);1CIA IND/2CIA/1PEL(PASSOS);UR0565;Não;Não;Não;BOLETIM DE OCORRENCIA;Classificada;09/06/2020 06:48;Não
2020-10993165-9;(BM) 2020-027214361-001;08/06/2020 08:49;PRACA DOM INACIO, Nº S/N - CENTRO - BOM JESUS DA PENHA;-2.101.652;-465.232.619;P01002 - VISTORIA DE LIBERACAO / EMISSAO DE AVCB (C) (Prioridade: 2 - Média);1CIA IND/2CIA/PEL PREV E VIST(PASSOS);APF01362;Não;Não;Não;BOLETIM DE OCORRENCIA;Classificada;09/06/2020 06:49;Não
2020-10993313-4;(BM) 2020-027227802-001;08/06/2020 09:01;RUA TAPAJOS, Nº 1742 - NOSSA SENHORA APARECIDA - PASSOS;-207.412.521;-466.075.977;S06001 - SALVAMENTO DE ANIMAL EM RISCO / PERIGO (C) (Prioridade: 2 - Média);1CIA IND/2CIA/1PEL(PASSOS);ASL00064;Não;Não;Não;BOLETIM DE OCORRENCIA;Classificada;09/06/2020 06:49;Não
2020-10994158-9;(BM) 2020-027227583-001;08/06/2020 10:07;RUA JOSE PERES OLIVEIRA, Nº S/N - PARQUE DA ESTACAO - PASSOS;-207.049.798;-466.126.185;V01024 - VITIMA DE SUICIDIO (TENTATIVA) - APH CLINICO (C) (Prioridade: 1 - Alta);1CIA IND/2CIA/1PEL(PASSOS);UR0565;Não;Não;Não;BOLETIM DE OCORRENCIA;Classificada;09/06/2020 06:48;Não
2020-10994525-8;;08/06/2020 10:34;RUA DOUTOR CARVALHO, Nº 1455 - NOSSA SENHORA DAS GRAÇAS - PASSOS;-207.352.269;-466.037.303;W08000 - CANCELADA POR INDISPONIBILIDADE DE VIATURA (C) (Prioridade: 3 - Baixa);1CIA IND/2CIA/1PEL(PASSOS);;Não;Não;Não;W08000-CANCELADA POR INDISPONIBILIDADE DE MEIOS;Classificada;08/06/2020 10:36;Não
2020-10994690-4;(BM) 2020-027250757-001;08/06/2020 10:48;RUA CORONEL JOAO DE BARROS, Nº 1490 - BELO HORIZONTE - PASSOS;-207.299.669;-466.078.086;V01010 - VITIMA COM DOR PRECORDIAL (PEITO) (C) (Prioridade: 1 - Alta);1CIA IND/2CIA/1PEL(PASSOS);UR0565;Não;Não;Não;BOLETIM DE OCORRENCIA;Classificada;09/06/2020 06:48;Não
2020-10994768-0;(BM) 2020-027237156-001;08/06/2020 10:58;RUA PONTE NOVA, Nº S/N - JARDIM SATELITE - PASSOS;-207.127.653;-46.624.808;V01999 - OUTROS TIPOS DE APH CLINICO (C) (Prioridade: 1 - Alta);1CIA IND/2CIA/1PEL(PASSOS);UR0565;Não;Não;Não;BOLETIM DE OCORRENCIA;Classificada;09/06/2020 06:48;Não
2020-10995542-2;;08/06/2020 12:05;RUA DAS COLINAS, Nº 145 - CALDAS;;;S06005 - CAPTURA DE INSETOS (C) (Prioridade: 2 - Média);1CIA IND (POCOS DE CALDAS);;Não;Não;Não;W06000-TESTE;Classificada;08/06/2020 17:39;Não
2020-10996673-6;(BM) 2020-027289544-001;08/06/2020 14:00;RUA DOUTOR CARVALHO, Nº S/N - CENTRO - PASSOS;-207.218.279;-466.083.676;O04012 - INCENDIO EM LOTE VAGO (AREA URBANA) (C) (Prioridade: 2 - Média);1CIA IND/2CIA/1PEL(PASSOS);ABTS0495;Não;Não;Não;BOLETIM DE OCORRENCIA;Classificada;09/06/2020 06:48;Não
2020-10997830-8;;08/06/2020 15:06;RODOVIA MG 050, Nº S/N - NOSSA SENHORA DAS GRAÇAS - PASSOS;-20.739.951;-466.020.282;W07000 - TROTE (C) (Prioridade: 3 - Baixa);1CIA IND/2CIA/1PEL(PASSOS);UR0565;Não;Não;Não;ATENPO-ATENDIDA POR OUTROS ÓRGÃOS;Classificada;09/06/2020 06:49;Não
2020-10998449-3;(BM) 2020-027297161-001;08/06/2020 15:46;RODOVIA BR 146, Nº S/N - DISTRITO INDUSTRIAL 1 - PASSOS;-207.020.967;-465.895.427;V03018 - VITIMA DE QUEDA DA PROPRIA ALTURA (C) (Prioridade: 1 - Alta);1CIA IND/2CIA/1PEL(PASSOS);UR0565;Não;Não;Não;BOLETIM DE OCORRENCIA;Classificada;09/06/2020 06:48;Não
2020-11000111-9;(BM) 2020-027317650-001;08/06/2020 17:27;AVENIDA NACOES, Nº S/N - VILA RICA - PASSOS;-20.727.772;-465.999.239;O02033 - INCENDIO EM AMONTOADO DE LIXO (C) (Prioridade: 2 - Média);1CIA IND/2CIA/1PEL(PASSOS);ABTS0495;Não;Não;Não;BOLETIM DE OCORRENCIA;Classificada;09/06/2020 06:48;Não
2020-11001189-1;(BM) 2020-027334791-001;08/06/2020 18:47;RUA JOSE DONABELLA, Nº 350 - NOVA PASSOS - PASSOS;-207.047.002;-466.324.669;V01009 - VITIMA COM DOR NA COLUNA VERTEBRAL (COSTAS) (C) (Prioridade: 1 - Alta);1CIA IND/2CIA/1PEL(PASSOS);UR0565;Não;Não;Não;BOLETIM DE OCORRENCIA;Classificada;09/06/2020 06:48;Não
2020-11009688-5;(BM) 2020-027458323-001;09/06/2020 11:23;PRACA FRANCISCO SALLES / AVENIDA DOUTOR BRENO SOARES MAIA - PASSOS;-207.269.789;-466.048.129;V02408 - VITIMA DE COLISAO ENTRE AUTOMOVEL X MOTOCICLETA (C) (Prioridade: 1 - Alta);1CIA IND/2CIA/1PEL(PASSOS);UR0565;Não;Não;Não;BOLETIM DE OCORRENCIA;Classificada;09/06/2020 12:08;Não
2020-11011048-6;(BM) 2020-027512502-001;09/06/2020 13:20;RUA BARIRIS, Nº S/N - JARDIM EMBRATEL - PASSOS;-20.741.591;-466.033.633;O04012 - INCENDIO EM LOTE VAGO (AREA URBANA) (C) (Prioridade: 2 - Média);1CIA IND/2CIA/1PEL(PASSOS);ABTS0495;Não;Não;Não;BOLETIM DE OCORRENCIA;Classificada;09/06/2020 16:02;Não
2020-11014539-4;(BM) 2020-027521388-001;09/06/2020 16:27;RUA DOUTOR CARVALHO, Nº 1107 - BELO HORIZONTE - PASSOS;-207.313.053;-466.051.116;V01023 - VITIMA DE SINCOPE (DESMAIO) (C) (Prioridade: 1 - Alta);1CIA IND/2CIA/1PEL(PASSOS);UR0565;Não;Não;Não;BOLETIM DE OCORRENCIA;Classificada;09/06/2020 21:46;Não
2020-11015476-1;(BM) 2020-027535970-001;09/06/2020 17:18;RUA ANAPOLIS, Nº 155 - JARDIM PLANALTO - PASSOS;-207.197.934;-466.247.623;V03019 - VITIMA DE QUEDA DE ALTURA (C) (Prioridade: 1 - Alta);1CIA IND/2CIA/1PEL(PASSOS);UR0565;Não;Não;Não;BOLETIM DE OCORRENCIA;Classificada;09/06/2020 21:45;Não
2020-11015919-0;(BM) 2020-027541730-001;09/06/2020 17:44;VILA JOAO PIMENTA, Nº 8 - SAO BENEDITO - PASSOS;-207.200.589;-466.008.741;V03005 - VITIMA DE AGRESSAO FISICA SEM USO DE ARMA (C) (Prioridade: 1 - Alta);1CIA IND/2CIA/1PEL(PASSOS);UR0565;Não;Não;Não;BOLETIM DE OCORRENCIA;Classificada;09/06/2020 21:45;Não
2020-11018225-8;(BM) 2020-027582777-001;09/06/2020 20:07;RUA DOM INACIO DALMONT, Nº 15 - CANJERANUS - PASSOS;-207.131.685;-466.075.175;S06005 - CAPTURA DE INSETOS (C) (Prioridade: 2 - Média);1CIA IND/2CIA/1PEL(PASSOS);ASL00064;Não;Não;Não;BOLETIM DE OCORRENCIA;Classificada;09/06/2020 21:46;Não
2020-11024857-6;(BM) 2020-027666701-001;10/06/2020 10:24;RUA MACAPA, Nº 170 - PASSOS;-207.137.186;-466.009.095;S06005 - CAPTURA DE INSETOS (C) (Prioridade: 2 - Média);1CIA IND/2CIA/1PEL(PASSOS);ASL00064;Não;Não;Não;BOLETIM DE OCORRENCIA;Classificada;11/06/2020 07:09;Não
2020-11025545-9;(BM) 2020-027676488-001;10/06/2020 11:20;RUA GOIAS, Nº 1057 - SANTA LUZIA - PASSOS;-2.071.064;-46.601.147;V01018 - VITIMA DE MAL NAO DEFINIDO (DISTURBIO) (C) (Prioridade: 1 - Alta);1CIA IND/2CIA/1PEL(PASSOS);UR0565;Não;Não;Não;BOLETIM DE OCORRENCIA;Classificada;11/06/2020 07:09;Não
2020-11026024-1;(BM) 2020-027683661-001;10/06/2020 12:10;RUA RIO PIRACICABA, Nº 184 - SANTA LUZIA - PASSOS;-207.103.593;-466.025.992;V01018 - VITIMA DE MAL NAO DEFINIDO (DISTURBIO) (C) (Prioridade: 1 - Alta);1CIA IND/2CIA/1PEL(PASSOS);UR0565;Não;Não;Não;BOLETIM DE OCORRENCIA;Classificada;11/06/2020 07:09;Não
2020-11026291-8;(BM) 2020-027687014-001;10/06/2020 12:36;RODOVIA MG 050, Nº S/N - NOSSA SENHORA DAS GRAÇAS - PASSOS;-20.739.951;-466.020.282;V02408 - VITIMA DE COLISAO ENTRE AUTOMOVEL X MOTOCICLETA (C) (Prioridade: 1 - Alta);1CIA IND/2CIA/1PEL(PASSOS);UR0565;Não;Não;Não;BOLETIM DE OCORRENCIA;Classificada;11/06/2020 07:09;Não
2020-11026888-0;(BM) 2020-027696868-001;10/06/2020 13:42;RUA SAO SEBASTIAO, Nº 272 - CANJERANUS - PASSOS;-207.145.123;-466.031.699;V01023 - VITIMA DE SINCOPE (DESMAIO) (C) (Prioridade: 1 - Alta);1CIA IND/2CIA/1PEL(PASSOS);UR0565;Não;Não;Não;BOLETIM DE OCORRENCIA;Classificada;11/06/2020 07:09;Não
2020-11028228-2;(BM) 2020-027714586-001;10/06/2020 15:11;RUA MISSOES, Nº 537 - JARDIM PLANALTO - PASSOS;-207.178.413;-466.234.968;V01023 - VITIMA DE SINCOPE (DESMAIO) (C) (Prioridade: 1 - Alta);1CIA IND/2CIA/1PEL(PASSOS);UR0565;Não;Não;Não;BOLETIM DE OCORRENCIA;Classificada;11/06/2020 07:09;Não
2020-11030672-5;(BM) 2020-027750761-001;10/06/2020 17:43;RUA RIO NEGRO, Nº 1270 - RECANTO DA HARMONIA - PASSOS;-207.040.137;-465.949.781;R01999 - OUTROS TIPOS DE ACOES DE APOIO A COMUNIDADE   (C) (Prioridade: 2 - Média);1CIA IND/2CIA/1PEL(PASSOS);ASL00064;Não;Não;Não;BOLETIM DE OCORRENCIA;Classificada;11/06/2020 07:09;Não
2020-11033201-5;(BM) 2020-027782140-001;10/06/2020 20:50;RUA RIO GRANDE DO NORTE, Nº 246 - BELA VISTA - PASSOS;-207.192.016;-465.978.667;W03000 - SOLICITANTE ENCONTRADO - PROVIDENCIA DISPENSADA (C) (Prioridade: 3 - Baixa);1CIA IND/2CIA/1PEL(PASSOS);UR0565;Não;Não;Não;BOLETIM DE OCORRENCIA;Classificada;10/06/2020 22:47;Não
2020-11035280-2;(BM) 2020-027807433-001;10/06/2020 23:41;AVENIDA SAUDADE, Nº S/N - VILA RICA - PASSOS;-207.243.158;-466.002.641;V03018 - VITIMA DE QUEDA DA PROPRIA ALTURA (C) (Prioridade: 1 - Alta);1CIA IND/2CIA/1PEL(PASSOS);UR0565;Não;Não;Não;BOLETIM DE OCORRENCIA;Classificada;11/06/2020 07:08;Não
2020-11035601-4;(BM) 2020-027810634-001;11/06/2020 00:11;RUA PIUMHI, Nº 127 - JARDIM SATELITE - PASSOS;-207.152.244;-466.234.758;V02402 - VITIMA DE COLISAO ENTRE MOTOCICLETAS (C) (Prioridade: 1 - Alta);1CIA IND/2CIA/1PEL(PASSOS);UR0565;Não;Não;Não;BOLETIM DE OCORRENCIA;Classificada;11/06/2020 07:08;Não
2020-11038338-7;(BM) 2020-027838490-001;11/06/2020 08:20;RUA SELENITA, Nº 48 - ACLIMACAO - PASSOS;-207.517.065;-466.007.945;S06001 - SALVAMENTO DE ANIMAL EM RISCO / PERIGO (C) (Prioridade: 2 - Média);1CIA IND/2CIA/1PEL(PASSOS);ASL00064;Não;Não;Não;BOLETIM DE OCORRENCIA;Classificada;11/06/2020 21:09;Não
2020-11038763-2;(BM) 2020-027847225-001;11/06/2020 08:55;RUA DOUTOR JOSE MENDES, Nº 81 - BELO HORIZONTE - PASSOS;-207.324.136;-466.081.241;V01018 - VITIMA DE MAL NAO DEFINIDO (DISTURBIO) (C) (Prioridade: 1 - Alta);1CIA IND/2CIA/1PEL(PASSOS);UR0565;Não;Não;Não;BOLETIM DE OCORRENCIA;Classificada;11/06/2020 21:10;Não
2020-11039980-6;;11/06/2020 10:40;RUA HELOISA ENEIDA ESTEVO, Nº 85 - JARDIM PARAISO - POCOS DE CALDAS;;;O04012 - INCENDIO EM LOTE VAGO (AREA URBANA) (C) (Prioridade: 2 - Média);1CIA IND (POCOS DE CALDAS);;Não;Não;Não;DISPEN-DISPENSADO PELO SOLICITANTE;Classificada;11/06/2020 12:05;Não
2020-11040036-0;(BM) 2020-027862208-001;11/06/2020 10:48;AVENIDA ANTONIO ADAO DA SILVA, Nº 401 - COHAB 4 - PASSOS;-207.181.104;-466.343.477;W03000 - SOLICITANTE ENCONTRADO - PROVIDENCIA DISPENSADA (C) (Prioridade: 3 - Baixa);1CIA IND/2CIA/1PEL(PASSOS);UR0565;Não;Não;Não;BOLETIM DE OCORRENCIA;Classificada;11/06/2020 21:09;Não
2020-11040222-5;(BM) 2020-027862251-001;11/06/2020 11:04;RUA JOAO BORGES DE FIGUEIREDO, Nº S/N - NOSSA SENHORA DE LOURDES - PASSOS;-206.972.467;-466.185.944;W04000 - NADA CONSTATADO (C) (Prioridade: 3 - Baixa);1CIA IND/2CIA/1PEL(PASSOS);ABTS0495;Não;Não;Não;BOLETIM DE OCORRENCIA;Classificada;11/06/2020 21:09;Não
2020-11041143-6;(BM) 2020-027869200-001;11/06/2020 12:43;RUA MACEIO, Nº 171 - CASARAO - PASSOS;-207.226.966;-465.917.153;O04012 - INCENDIO EM LOTE VAGO (AREA URBANA) (C) (Prioridade: 2 - Média);1CIA IND/2CIA/1PEL(PASSOS);ABTS0495;Não;Não;Não;BOLETIM DE OCORRENCIA;Classificada;11/06/2020 21:09;Não
2020-11041359-5;(BM) 2020-027896284-001;11/06/2020 13:11;RUA JANAUBA, Nº 86 - COHAB 2 - PASSOS;-207.101.653;-466.277.816;V03006 - VITIMA DE ATAQUE DE ANIMAIS PECONHENTOS (C) (Prioridade: 1 - Alta);1CIA IND/2CIA/1PEL(PASSOS);ASL00064;Não;Não;Não;BOLETIM DE OCORRENCIA;Classificada;11/06/2020 21:10;Não
2020-11043330-4;(BM) 2020-027930042-001;11/06/2020 15:26;RUA PIUMHI, Nº S/N - JARDIM PLANALTO - PASSOS;-207.194.619;-466.245.959;O04012 - INCENDIO EM LOTE VAGO (AREA URBANA) (C) (Prioridade: 2 - Média);1CIA IND/2CIA/1PEL(PASSOS);ABTS0495;Não;Não;Não;BOLETIM DE OCORRENCIA;Classificada;11/06/2020 21:10;Não
2020-11045221-0;(BM) 2020-027920649-001;11/06/2020 17:20;RUA JESO RIBEIRO DE ABREU, Nº 241 - NOVA CALIFORNIA - PASSOS;-207.006.784;-466.211.411;V01005 - VITIMA COM CRISE HIPERTENSIVA (C) (Prioridade: 1 - Alta);1CIA IND/2CIA/1PEL(PASSOS);UR0565;Não;Não;Não;BOLETIM DE OCORRENCIA;Classificada;11/06/2020 21:11;Não
2020-11047179-6;(BM) 2020-027949666-001;11/06/2020 19:24;AVENIDA JUCA STOCKLER, Nº S/N - BELO HORIZONTE - PASSOS;-20.728.244;-466.056.438;S05308 - COLISAO ENTRE AUTOMOVEL X MOTOCICLETA (C) (Prioridade: 1 - Alta);1CIA IND/2CIA/1PEL(PASSOS);UR0565;Não;Não;Não;BOLETIM DE OCORRENCIA;Classificada;11/06/2020 21:11;Não
2020-11047995-9;(BM) 2020-027958639-001;11/06/2020 20:13;RUA VINTE E CINCO, Nº 200 - SAO FRANCISCO - PASSOS;-207.288.094;-466.181.846;O02001 - INCENDIO EM RESIDENCIA/HABITACAO UNIFAMILIAR (CASA) (C) (Prioridade: 1 - Alta);1CIA IND/2CIA/1PEL(PASSOS);ABTS0495;Não;Não;Não;BOLETIM DE OCORRENCIA;Classificada;12/06/2020 06:52;Não
2020-11049764-7;(BM) 2020-027977228-001;11/06/2020 22:15;RUA PARDAL, Nº 1026 - PASSOS;-207.327.012;-465.961.149;V01003 - VITIMA COM CRISE CONVULSIVA (C) (Prioridade: 1 - Alta);1CIA IND/2CIA/1PEL(PASSOS);UR0565;Não;Não;Não;BOLETIM DE OCORRENCIA;Classificada;12/06/2020 06:52;Não
2020-11055387-9;(BM) 2020-028049550-001;12/06/2020 10:07;AVENIDA OTTO KRAKAUER, Nº 1121 - SANTA CASA - PASSOS;-20.709.529;-466.121.095;V03018 - VITIMA DE QUEDA DA PROPRIA ALTURA (C) (Prioridade: 1 - Alta);1CIA IND/2CIA/1PEL(PASSOS);UR0565;Não;Não;Não;BOLETIM DE OCORRENCIA;Classificada;13/06/2020 10:35;Não
2020-11056987-1;(BM) 2020-028057621-001;12/06/2020 12:33;RODOVIA MG 050, Nº 555 - JARDIM EMBRATEL - PASSOS;-207.391.416;-465.965.955;P03001 - PERIGO DE DERRAPAGEM (C) (Prioridade: 2 - Média);1CIA IND/2CIA/1PEL(PASSOS);ASL00064;Não;Não;Não;BOLETIM DE OCORRENCIA;Classificada;13/06/2020 10:35;Não
2020-11059151-4;(BM) 2020-028087418-001;12/06/2020 15:08;AVENIDA EXPEDICIONARIOS, Nº 1191 - JARDIM COLEGIO DE PASSOS - PASSOS;-207.235.237;-465.961.892;P01001 - VISTORIA DE FISCALIZACAO (C) (Prioridade: 2 - Média);1CIA IND/2CIA/PEL PREV E VIST(PASSOS);APF01362;Não;Não;Não;BOLETIM DE OCORRENCIA;Classificada;13/06/2020 10:35;Não
2020-11060889-6;(BM) 2020-028111406-001;12/06/2020 16:56;RUA BUENOS AIRES, Nº S/N - NOVA CALIFORNIA - PASSOS;-20.703.798;-466.221.381;O04012 - INCENDIO EM LOTE VAGO (AREA URBANA) (C) (Prioridade: 2 - Média);1CIA IND/2CIA/1PEL(PASSOS);ABTS0495;Não;Não;Não;BOLETIM DE OCORRENCIA;Classificada;13/06/2020 10:35;Não
2020-11062767-0;(BM) 2020-028137000-001;12/06/2020 18:57;RUA CURIO, Nº S/N - NOSSA SENHORA DAS GRAÇAS - PASSOS;-207.384.274;-466.070.515;O04012 - INCENDIO EM LOTE VAGO (AREA URBANA) (C) (Prioridade: 2 - Média);1CIA IND/2CIA/1PEL(PASSOS);ABTS0495;Não;Não;Não;BOLETIM DE OCORRENCIA;Classificada;13/06/2020 10:35;Não
2020-11063283-9;(BM) 2020-028142777-001;12/06/2020 19:27;RODOVIA MG 050, Km 354 - VILA ROMANA - PASSOS;-20.740.211;-466.088.079;W03000 - SOLICITANTE ENCONTRADO - PROVIDENCIA DISPENSADA (C) (Prioridade: 3 - Baixa);1CIA IND/2CIA/1PEL(PASSOS);UR0565;Não;Não;Não;BOLETIM DE OCORRENCIA;Classificada;13/06/2020 10:35;Não
2020-11064100-2;(BM) 2020-028152049-001;12/06/2020 20:22;RUA DOUTOR CARVALHO, Nº 1455 - NOSSA SENHORA DAS GRAÇAS - PASSOS;-207.352.269;-466.037.303;Q03999 - OUTROS TIPOS DE TREINAMENTO (C) (Prioridade: 2 - Média);1CIA IND/2CIA/1PEL(PASSOS);ASL00064;Não;Não;Não;BOLETIM DE OCORRENCIA;Classificada;13/06/2020 10:35;Não
2020-11064599-8;(BM) 2020-028158124-001;12/06/2020 21:05;AVENIDA POCOS DE CALDAS, Nº 285 - COHAB 1 - PASSOS;-207.124.196;-466.260.766;V02103 - VITIMA DE ATROPELAMENTO POR AUTOMOVEL (CARRO / CAMINHONETE) (C) (Prioridade: 1 - Alta);1CIA IND/2CIA/1PEL(PASSOS);UR0565;Não;Não;Não;BOLETIM DE OCORRENCIA;Classificada;13/06/2020 10:35;Não
2020-11064754-9;(BM) 2020-028163848-001;12/06/2020 21:16;RODOVIA MG 050, Nº S/N - NOSSA SENHORA DAS GRAÇAS - PASSOS;-20.739.951;-466.020.282;O04003 - INCENDIO EM PRODUCAO AGRICOLA / PASTO (C) (Prioridade: 2 - Média);1CIA IND/2CIA/1PEL(PASSOS);ABTS0495;Não;Não;Não;BOLETIM DE OCORRENCIA;Classificada;13/06/2020 10:35;Não
2020-11064832-0;(BM) 2020-028161009-001;12/06/2020 21:22;AVENIDA EXPEDICIONARIOS, Nº 1191 - JARDIM COLEGIO DE PASSOS - PASSOS;-207.235.237;-465.961.892;P01001 - VISTORIA DE FISCALIZACAO (C) (Prioridade: 2 - Média);1CIA IND/2CIA/PEL PREV E VIST(PASSOS);APF01362;Não;Não;Não;BOLETIM DE OCORRENCIA;Classificada;13/06/2020 10:35;Não
2020-11065324-5;(BM) 2020-028171108-001;12/06/2020 22:02;RUA DOUTOR JOSE MENDES, Nº 442 - MUARAMA 2 - PASSOS;-207.345.152;-466.107.138;S06002 - CAPTURA DE ANIMAL SILVESTRE PERIGOSO / AGRESSIVO (C) (Prioridade: 2 - Média);1CIA IND/2CIA/1PEL(PASSOS);UR0565;Não;Não;Não;BOLETIM DE OCORRENCIA;Classificada;13/06/2020 10:35;Não
2020-11066202-3;(BM) 2020-028176912-001;12/06/2020 23:06;AVENIDA EXPEDICIONARIOS, Nº 1191 - JARDIM COLEGIO DE PASSOS - PASSOS;-207.235.237;-465.961.892;P01001 - VISTORIA DE FISCALIZACAO (C) (Prioridade: 2 - Média);1CIA IND/2CIA/1PEL(PASSOS);UR0565;Não;Não;Não;BOLETIM DE OCORRENCIA;Classificada;13/06/2020 10:35;Não
2020-11067424-0;(BM) 2020-028190929-001;13/06/2020 00:36;RUA PETROPOLIS, Nº 1923 - RECANTO DA HARMONIA - PASSOS;-207.027.586;-465.940.795;V01011 - VITIMA COM DOR RENAL (COLICA) (C) (Prioridade: 1 - Alta);1CIA IND/2CIA/1PEL(PASSOS);UR0565;Não;Não;Não;BOLETIM DE OCORRENCIA;Classificada;13/06/2020 10:35;Não
2020-11071294-0;(BM) 2020-028232869-001;13/06/2020 09:50;RUA BUENOS AIRES, Nº S/N - NOVA CALIFORNIA - PASSOS;-20.703.798;-466.221.381;W04000 - NADA CONSTATADO (C) (Prioridade: 3 - Baixa);1CIA IND/2CIA/1PEL(PASSOS);ASL00064;Não;Não;Não;BOLETIM DE OCORRENCIA;Classificada;13/06/2020 10:35;Não
2020-11074029-6;(BM) 2020-028267582-001;13/06/2020 14:38;RUA ESCORPIAO, Nº 243 - PASSOS;-207.230.375;-465.812.973;V03018 - VITIMA DE QUEDA DA PROPRIA ALTURA (C) (Prioridade: 1 - Alta);1CIA IND/2CIA/1PEL(PASSOS);UR0565;Não;Não;Não;BOLETIM DE OCORRENCIA;Classificada;14/06/2020 01:12;Não
2020-11075341-0;(BM) 2020-028289450-001;13/06/2020 16:04;RODOVIA MG 050, Km 334, Nº S/N - PASSOS;-207.386.288;-465.979.551;V01007 - VITIMA COM DISPNEIA (FALTA DE AR) (C) (Prioridade: 1 - Alta);1CIA IND/2CIA/1PEL(PASSOS);UR0565;Não;Não;Não;BOLETIM DE OCORRENCIA;Classificada;13/06/2020 17:28;Não
2020-11078531-2;(BM) 2020-028329285-001;13/06/2020 19:23;RODOVIA MG 050, Km 369 - ITAU DE MINAS;-207.387.948;-467.366.486;V01018 - VITIMA DE MAL NAO DEFINIDO (DISTURBIO) (C) (Prioridade: 1 - Alta);1CIA IND/2CIA/1PEL(PASSOS);UR0565;Não;Não;Não;BOLETIM DE OCORRENCIA;Classificada;14/06/2020 01:12;Não
2020-11083613-4;(BM) 2020-028363405-001;14/06/2020 00:45;RUA ANDORINHA, Nº 346 - PARQUE DA FAZENDA - PASSOS;-207.401.753;-46.606.771;O02039 - INCENDIO EM TRONCO DE ARVORE (C) (Prioridade: 2 - Média);1CIA IND/2CIA/1PEL(PASSOS);ABTS0495;Não;Não;Não;BOLETIM DE OCORRENCIA;Classificada;14/06/2020 01:07;Não
2020-11085332-6;(BM) 2020-028378128-001;14/06/2020 03:07;RUA PARDAL / AVENIDA JUCA STOCKLER - PASSOS;-207.353.828;-466.029.402;V01018 - VITIMA DE MAL NAO DEFINIDO (DISTURBIO) (C) (Prioridade: 1 - Alta);1CIA IND/2CIA/1PEL(PASSOS);UR0565;Não;Não;Não;BOLETIM DE OCORRENCIA;Classificada;14/06/2020 03:50;Não
2020-11089025-9;(BM) 2020-028415849-001;14/06/2020 12:54;RUA GUAPE, Nº S/N - RESIDENCIAL PORTAL DAS PALMEIRAS - PASSOS;-20.696.374;-466.110.661;O04012 - INCENDIO EM LOTE VAGO (AREA URBANA) (C) (Prioridade: 2 - Média);1CIA IND/2CIA/1PEL(PASSOS);ABTS0495;Não;Não;Não;BOLETIM DE OCORRENCIA;Classificada;15/06/2020 07:22;Não
2020-11089181-4;(BM) 2020-028416921-001;14/06/2020 13:11;RODOVIA MG 050, Km 344 - PASSOS;-207.262.559;-4.650.278;P02002 - VISTORIA EM RISCO DE QUEDA DE ARVORE (C) (Prioridade: 2 - Média);1CIA IND/2CIA/1PEL(PASSOS);ASL00064;Não;Não;Não;BOLETIM DE OCORRENCIA;Classificada;15/06/2020 07:22;Não
2020-11091207-9;(BM) 2020-028441875-001;14/06/2020 15:54;RUA SALINAS, Nº 99 - COHAB 2 - PASSOS;-207.121.118;-466.276.142;V01018 - VITIMA DE MAL NAO DEFINIDO (DISTURBIO) (C) (Prioridade: 1 - Alta);1CIA IND/2CIA/1PEL(PASSOS);UR0565;Não;Não;Não;BOLETIM DE OCORRENCIA;Classificada;15/06/2020 07:23;Não
2020-11092075-5;(BM) 2020-028451097-001;14/06/2020 16:48;RUA GUAPE, Nº S/N - RESIDENCIAL PORTAL DAS PALMEIRAS - PASSOS;-20.696.374;-466.110.661;O04012 - INCENDIO EM LOTE VAGO (AREA URBANA) (C) (Prioridade: 2 - Média);1CIA IND/2CIA/1PEL(PASSOS);ABTS0495;Não;Não;Não;BOLETIM DE OCORRENCIA;Classificada;15/06/2020 07:22;Não
2020-11093221-0;(BM) 2020-028464419-001;14/06/2020 17:59;AVENIDA JUCA STOCKLER, Nº S/N - ACLIMACAO - PASSOS;-20.755.412;-4.659.837;O04012 - INCENDIO EM LOTE VAGO (AREA URBANA) (C) (Prioridade: 2 - Média);1CIA IND/2CIA/1PEL(PASSOS);ABTS0495;Não;Não;Não;BOLETIM DE OCORRENCIA;Classificada;15/06/2020 07:22;Não
2020-11094901-0;(BM) 2020-028485035-001;14/06/2020 19:45;RODOVIA LMG 856, Km 10 - CASSIA;-204.853.024;-469.209.125;W04000 - NADA CONSTATADO (C) (Prioridade: 3 - Baixa);1CIA IND/2CIA/1PEL(PASSOS);ASL00064;Não;Não;Não;BOLETIM DE OCORRENCIA;Classificada;15/06/2020 07:22;Não
2020-11097973-8;(BM) 2020-028520939-001;14/06/2020 23:37;AVENIDA NACOES, Nº S/N - VILA RICA - PASSOS;-20.727.772;-465.999.239;O02033 - INCENDIO EM AMONTOADO DE LIXO (C) (Prioridade: 2 - Média);1CIA IND/2CIA/1PEL(PASSOS);ABTS0495;Não;Não;Não;BOLETIM DE OCORRENCIA;Classificada;15/06/2020 07:23;Não
2020-11100285-7;(BM) 2020-028559689-001;15/06/2020 08:27;RUA MORGANITA, Nº 662 - ACLIMACAO - PASSOS;-207.533.107;-466.051.991;S06001 - SALVAMENTO DE ANIMAL EM RISCO / PERIGO (C) (Prioridade: 2 - Média);1CIA IND/2CIA/1PEL(PASSOS);ASL00064;Não;Não;Não;BOLETIM DE OCORRENCIA;Classificada;16/06/2020 10:12;Não
2020-11100512-7;(BM) 2020-028559754-001;15/06/2020 08:47;AVENIDA SABIA, Nº 750 - MUARAMA 2 - PASSOS;-207.357.183;-466.124.561;P02002 - VISTORIA EM RISCO DE QUEDA DE ARVORE (C) (Prioridade: 2 - Média);1CIA IND/2CIA/1PEL(PASSOS);UR0565;Não;Não;Não;BOLETIM DE OCORRENCIA;Classificada;16/06/2020 10:12;Não
2020-11104687-2;(BM) 2020-028627818-001;15/06/2020 14:28;RUA ATENAS, Nº S/N - CALIFORNIA - PASSOS;-207.052.165;-466.205.408;O04012 - INCENDIO EM LOTE VAGO (AREA URBANA) (C) (Prioridade: 2 - Média);1CIA IND/2CIA/1PEL(PASSOS);ABTS0495;Não;Não;Não;BOLETIM DE OCORRENCIA;Classificada;16/06/2020 10:12;Não
2020-11105636-7;(BM) 2020-028631361-001;15/06/2020 15:17;LOTEAMENTO MARINAS DO PORTO, Nº S/N - SAO JOAO BATISTA GLORIA;-20.657.002;-465.229.708;P02002 - VISTORIA EM RISCO DE QUEDA DE ARVORE (C) (Prioridade: 2 - Média);1CIA IND/2CIA/1PEL(PASSOS);ASL00064;Não;Não;Não;BOLETIM DE OCORRENCIA;Classificada;16/06/2020 10:12;Não
2020-11106184-2;;15/06/2020 15:53;RODOVIA MGC 146, Km 353 - PASSOS;-206.720.318;-465.506.115;O04008 - INCENDIO EM AREA RURAL NAO PROTEGIDA (C) (Prioridade: 2 - Média);1CIA IND/2CIA/1PEL(PASSOS);;Não;Não;Não;W08000-CANCELADA POR INDISPONIBILIDADE DE MEIOS;Classificada;15/06/2020 15:57;Não
2020-11106667-6;(BM) 2020-028646582-001;15/06/2020 16:20;BECO MOGIANA, Nº 476 - PARQUE DA ESTACAO - PASSOS;-207.053.216;-466.102.494;P02002 - VISTORIA EM RISCO DE QUEDA DE ARVORE (C) (Prioridade: 2 - Média);1CIA IND/2CIA/1PEL(PASSOS);ASL00064;Não;Não;Não;BOLETIM DE OCORRENCIA;Classificada;16/06/2020 10:12;Não
2020-11107700-5;(BM) 2020-028673202-001;15/06/2020 17:29;RODOVIA MG 050, Km 334 - PASSOS;-207.233.932;-464.046.505;V03018 - VITIMA DE QUEDA DA PROPRIA ALTURA (C) (Prioridade: 1 - Alta);1CIA IND/2CIA/1PEL(PASSOS);UR0565;Não;Não;Não;BOLETIM DE OCORRENCIA;Classificada;16/06/2020 10:13;Não
2020-11110172-7;(BM) 2020-028706050-001;15/06/2020 20:28;RUA PATATIVA, Nº 112 - EXPOSICAO - PASSOS;-207.352.271;-466.088.559;S06001 - SALVAMENTO DE ANIMAL EM RISCO / PERIGO (C) (Prioridade: 2 - Média);1CIA IND/2CIA/1PEL(PASSOS);ASL00064;Não;Não;Não;BOLETIM DE OCORRENCIA;Classificada;16/06/2020 10:13;Não
2020-11115004-0;(BM) 2020-028775208-001;16/06/2020 09:58;RUA OTAVIO RODRIGUES VASCONCELOS, Nº 316 - EXPOSICAO - PASSOS;-207.344.297;-466.089.416;O04012 - INCENDIO EM LOTE VAGO (AREA URBANA) (C) (Prioridade: 2 - Média);1CIA IND/2CIA/1PEL(PASSOS);ABTS0495;Não;Não;Não;BOLETIM DE OCORRENCIA;Classificada;17/06/2020 08:17;Não
2020-11115246-9;(BM) 2020-028768563-001;16/06/2020 10:19;RUA CORONEL JOAO DE BARROS, Nº S/N - CENTRO - PASSOS;-207.170.591;-46.611.537;P01002 - VISTORIA DE LIBERACAO / EMISSAO DE AVCB (C) (Prioridade: 2 - Média);1CIA IND/2CIA/PEL PREV E VIST(PASSOS);APF01362;Não;Não;Não;BOLETIM DE OCORRENCIA;Classificada;17/06/2020 08:17;Não
2020-11115499-4;(BM) 2020-028775264-001;16/06/2020 10:40;RUA RIO PIRACICABA, Nº 451 - SANTA LUZIA - PASSOS;-207.084.533;-466.007.951;S06003 - CAPTURA DE CAO PERIGOSO / AGRESSIVO (C) (Prioridade: 2 - Média);1CIA IND/2CIA/1PEL(PASSOS);ABTS0495;Não;Não;Não;BOLETIM DE OCORRENCIA;Classificada;17/06/2020 08:16;Não
2020-11115586-7;;16/06/2020 10:46;AVENIDA JUCA STOCKLER, Nº 840 - NOVO HORIZONTE - PASSOS;-20.731.089;-466.045.713;V02103 - VITIMA DE ATROPELAMENTO POR AUTOMOVEL (CARRO / CAMINHONETE) (C) (Prioridade: 1 - Alta);1CIA IND/2CIA/1PEL(PASSOS);UR0565;Não;Não;Não;ATENSA-ATENDIDA PELO SAMU;Classificada;16/06/2020 10:50;Não
2020-11116699-9;(BM) 2020-028794680-001;16/06/2020 12:41;RUA CIPRESTE, Nº 116 - SERRA DAS BRISAS - PASSOS;-207.362.009;-465.927.211;S06002 - CAPTURA DE ANIMAL SILVESTRE PERIGOSO / AGRESSIVO (C) (Prioridade: 2 - Média);1CIA IND/2CIA/1PEL(PASSOS);ASL00064;Não;Não;Não;BOLETIM DE OCORRENCIA;Classificada;17/06/2020 08:16;Não
2020-11117127-0;(BM) 2020-028795042-001;16/06/2020 13:23;RUA CARAJAS, Nº S/N - NOSSA SENHORA APARECIDA - PASSOS;-207.431.001;-466.090.592;V02408 - VITIMA DE COLISAO ENTRE AUTOMOVEL X MOTOCICLETA (C) (Prioridade: 1 - Alta);1CIA IND/2CIA/1PEL(PASSOS);UR0565;Não;Não;Não;BOLETIM DE OCORRENCIA;Classificada;17/06/2020 08:15;Não
2020-11117163-4;(BM) 2020-028796125-001;16/06/2020 13:26;AVENIDA PERIMETRAL, Nº 56 - PARQUE DA ESTACAO - PASSOS;-207.056.097;-46.609.645;V01026 - TRANSPORTE INTER-HOSPITALAR (C) (Prioridade: 2 - Média);1CIA IND/2CIA/1PEL(PASSOS);APP00980;Não;Não;Não;BOLETIM DE OCORRENCIA;Classificada;17/06/2020 08:16;Não
2020-11118844-7;(BM) 2020-028835284-001;16/06/2020 15:16;RUA SATURNO, Nº 152 - PANORAMA - PASSOS;-207.099.673;-466.211.472;O04012 - INCENDIO EM LOTE VAGO (AREA URBANA) (C) (Prioridade: 2 - Média);1CIA IND/2CIA/1PEL(PASSOS);ABTS0495;Não;Não;Não;BOLETIM DE OCORRENCIA;Classificada;17/06/2020 08:16;Não
2020-11118873-5;(BM) 2020-028835350-001;16/06/2020 15:18;RODOVIA MG 050, Km 360 - PASSOS;-207.370.641;-46.646.356;V01026 - TRANSPORTE INTER-HOSPITALAR (C) (Prioridade: 2 - Média);1CIA IND/2CIA/1PEL(PASSOS);UR0565;Não;Não;Não;BOLETIM DE OCORRENCIA;Classificada;17/06/2020 08:16;Não
2020-11121021-3;(BM) 2020-028852162-001;16/06/2020 17:25;AVENIDA SABIA, Nº 702 - MUARAMA 2 - PASSOS;-207.356.606;-466.126.224;V02501 - VITIMA DE QUEDA (CICLISTA) (C) (Prioridade: 1 - Alta);1CIA IND/2CIA/1PEL(PASSOS);UR0565;Não;Não;Não;BOLETIM DE OCORRENCIA;Classificada;17/06/2020 08:15;Não
2020-11121875-9;(BM) 2020-028864912-001;16/06/2020 18:26;RUA JOAQUIM SILVEIRA BORGES, Nº S/N - RECANTO DA TEKA - PASSOS;-207.443.736;-465.978.162;O04012 - INCENDIO EM LOTE VAGO (AREA URBANA) (C) (Prioridade: 2 - Média);1CIA IND/2CIA/1PEL(PASSOS);ABTS0495;Não;Não;Não;BOLETIM DE OCORRENCIA;Classificada;17/06/2020 08:15;Não
2020-11124646-8;(BM) 2020-028900476-001;16/06/2020 22:25;RUA CAETES, Nº S/N - NOSSA SENHORA APARECIDA - PASSOS;-207.440.824;-466.087.944;V03018 - VITIMA DE QUEDA DA PROPRIA ALTURA (C) (Prioridade: 1 - Alta);1CIA IND/2CIA/1PEL(PASSOS);UR0565;Não;Não;Não;BOLETIM DE OCORRENCIA;Classificada;17/06/2020 08:15;Não
2020-11133366-2;(BM) 2020-029024839-001;17/06/2020 16:25;RUA COIMBRAS, Nº 1839 - JARDIM FLORENCA - PASSOS;-20.692.908;-466.171.752;P02002 - VISTORIA EM RISCO DE QUEDA DE ARVORE (C) (Prioridade: 2 - Média);1CIA IND/2CIA/1PEL(PASSOS);ASL00064;Não;Não;Não;BOLETIM DE OCORRENCIA;Classificada;17/06/2020 19:39;Não
2020-11135308-7;(BM) 2020-029056652-001;17/06/2020 18:37;AVENIDA COMENDADOR FRANCISCO A MAIA, Nº 2462 - PASSOS;-207.202.521;-46.613.311;S05301 - COLISAO ENTRE BICICLETAS (C) (Prioridade: 1 - Alta);1CIA IND/2CIA/1PEL(PASSOS);UR0565;Não;Não;Não;BOLETIM DE OCORRENCIA;Classificada;17/06/2020 19:39;Não
2020-11136785-1;(BM) 2020-029073493-001;17/06/2020 20:29;RUA DOUTOR JOSE LEMOS DE BARROS, Nº 75 - CENTRO - PASSOS;-207.254.798;-466.096.661;V01023 - VITIMA DE SINCOPE (DESMAIO) (C) (Prioridade: 1 - Alta);1CIA IND/2CIA/1PEL(PASSOS);UR0565;Não;Não;Não;BOLETIM DE OCORRENCIA;Classificada;17/06/2020 21:18;Não
2020-11140587-1;(BM) 2020-029127211-001;18/06/2020 07:42;RUA ANTONIO LUIZ DE FARIA, Nº S/N - JARDIM CANADA - PASSOS;-207.469.167;-466.074.913;V01018 - VITIMA DE MAL NAO DEFINIDO (DISTURBIO) (C) (Prioridade: 1 - Alta);1CIA IND/2CIA/1PEL(PASSOS);UR0565;Não;Não;Não;BOLETIM DE OCORRENCIA;Classificada;19/06/2020 07:49;Não
2020-11141519-7;(BM) 2020-029138161-001;18/06/2020 09:10;RUA MANTIQUEIRA, Nº 56 - VILA RICA - PASSOS;-207.245.467;-465.947.958;V01006 - VITIMA COM DIFICULDADE DE LOCOMOCAO (C) (Prioridade: 1 - Alta);1CIA IND/2CIA/1PEL(PASSOS);UR0565;Não;Não;Não;BOLETIM DE OCORRENCIA;Classificada;18/06/2020 21:37;Não
2020-11143093-8;(BM) 2020-029159715-001;18/06/2020 11:09;AVENIDA JUCA STOCKLER, Nº S/N - ACLIMACAO - PASSOS;-20.755.412;-4.659.837;V03018 - VITIMA DE QUEDA DA PROPRIA ALTURA (C) (Prioridade: 1 - Alta);1CIA IND/2CIA/1PEL(PASSOS);UR0565;Não;Não;Não;BOLETIM DE OCORRENCIA;Classificada;18/06/2020 21:36;Não
2020-11144950-1;(BM) 2020-029185178-001;18/06/2020 14:03;RUA DUQUE CAXIAS, Nº 45 - CANDEIAS - PASSOS;-207.242.203;-466.152.439;V01003 - VITIMA COM CRISE CONVULSIVA (C) (Prioridade: 1 - Alta);1CIA IND/2CIA/1PEL(PASSOS);UR0565;Não;Não;Não;BOLETIM DE OCORRENCIA;Classificada;18/06/2020 21:36;Não
2020-11146295-9;(BM) 2020-029204200-001;18/06/2020 15:23;AVENIDA AMAZONAS, Nº S/N - BELA VISTA 2 - PASSOS;-207.111.388;-465.945.885;S04009 - SALVAMENTO DE PESSOA PRESA EM IMOVEL (C) (Prioridade: 2 - Média);1CIA IND/2CIA/1PEL(PASSOS);ABTS0495;Não;Não;Não;BOLETIM DE OCORRENCIA;Classificada;18/06/2020 21:38;Não
2020-11147051-0;(BM) 2020-029214695-001;18/06/2020 16:08;RUA GENARO JOELE, Nº 274 - DISTRITO INDUSTRIAL 1 - PASSOS;-207.066.956;-465.933.737;P02001 - VISTORIA EM HIDRANTE (C) (Prioridade: 2 - Média);1CIA IND/2CIA/1PEL(PASSOS);ABTS0495;Não;Não;Não;BOLETIM DE OCORRENCIA;Classificada;18/06/2020 21:37;Não
2020-11147167-4;(BM) 2020-029216484-001;18/06/2020 16:16;RUA ACRE, Nº 496 - BELA VISTA - PASSOS;-207.118.393;-466.021.639;P02001 - VISTORIA EM HIDRANTE (C) (Prioridade: 2 - Média);1CIA IND/2CIA/1PEL(PASSOS);ABTS0495;Não;Não;Não;BOLETIM DE OCORRENCIA;Classificada;18/06/2020 21:37;Não
2020-11147582-6;(BM) 2020-029222284-001;18/06/2020 16:42;AVENIDA EXPEDICIONARIOS, Nº S/N - SAO BENEDITO - PASSOS;-207.225.155;-466.016.721;P02001 - VISTORIA EM HIDRANTE (C) (Prioridade: 2 - Média);1CIA IND/2CIA/1PEL(PASSOS);ABTS0495;Não;Não;Não;BOLETIM DE OCORRENCIA;Classificada;18/06/2020 21:37;Não
2020-11147636-3;(BM) 2020-029223081-001;18/06/2020 16:46;AVENIDA EXPEDICIONARIOS, Nº S/N - SAO BENEDITO - PASSOS;-207.225.155;-466.016.721;P02001 - VISTORIA EM HIDRANTE (C) (Prioridade: 2 - Média);1CIA IND/2CIA/1PEL(PASSOS);ABTS0495;Não;Não;Não;BOLETIM DE OCORRENCIA;Classificada;18/06/2020 21:37;Não
2020-11147869-1;(BM) 2020-029226360-001;18/06/2020 17:02;RUA JURANDIR LEANDRO VIEIRA, Nº S/N - RESIDENCIAL VILLAGIO DI ITALIA - PASSOS;-207.345.147;-465.913.156;P02001 - VISTORIA EM HIDRANTE (C) (Prioridade: 2 - Média);1CIA IND/2CIA/1PEL(PASSOS);ABTS0495;Não;Não;Não;BOLETIM DE OCORRENCIA;Classificada;18/06/2020 21:37;Não
2020-11148043-7;(BM) 2020-029228673-001;18/06/2020 17:11;RUA JURANDIR LEANDRO VIEIRA, Nº S/N - RESIDENCIAL VILLAGIO DI ITALIA - PASSOS;-207.345.147;-465.913.156;P02001 - VISTORIA EM HIDRANTE (C) (Prioridade: 2 - Média);1CIA IND/2CIA/1PEL(PASSOS);ABTS0495;Não;Não;Não;BOLETIM DE OCORRENCIA;Classificada;18/06/2020 21:37;Não
2020-11148949-4;(BM) 2020-029245248-001;18/06/2020 18:12;AVENIDA JK, Nº S/N - MONSENHOR MESSIAS - PASSOS;-207.375.965;-465.963.062;V02202 - VITIMA DE CHOQUE DE MOTOCICLETA (C) (Prioridade: 1 - Alta);1CIA IND/2CIA/1PEL(PASSOS);UR0565;Não;Não;Não;BOLETIM DE OCORRENCIA;Classificada;18/06/2020 21:36;Não
2020-11149519-0;(BM) 2020-029253909-001;18/06/2020 18:52;AVENIDA PERIMETRAL, Nº S/N - PENHA - PASSOS;-207.217.481;-466.215.253;O04012 - INCENDIO EM LOTE VAGO (AREA URBANA) (C) (Prioridade: 2 - Média);1CIA IND/2CIA/1PEL(PASSOS);ABTS0495;Não;Não;Não;BOLETIM DE OCORRENCIA;Classificada;18/06/2020 21:37;Não
2020-11150096-6;(BM) 2020-029259527-001;18/06/2020 19:30;RODOVIA MG 050, Nº S/N - NOSSA SENHORA DAS GRAÇAS - PASSOS;-20.739.951;-466.020.282;V02103 - VITIMA DE ATROPELAMENTO POR AUTOMOVEL (CARRO / CAMINHONETE) (C) (Prioridade: 1 - Alta);1CIA IND/2CIA/1PEL(PASSOS);UR0565;Não;Não;Não;BOLETIM DE OCORRENCIA;Classificada;18/06/2020 21:35;Não
2020-11150834-5;(BM) 2020-029268515-001;18/06/2020 20:23;RUA PANORAMA, Nº S/N - PANORAMA - PASSOS;-207.083.021;-466.181.202;V02301 - VITIMA DE CAPOTAMENTO DE AUTOMOVEL (CARRO / CAMINHONETE) (C) (Prioridade: 1 - Alta);1CIA IND/2CIA/1PEL(PASSOS);UR0565;Não;Não;Não;BOLETIM DE OCORRENCIA;Classificada;18/06/2020 21:35;Não
2020-11152276-9;(BM) 2020-029288598-001;18/06/2020 22:24;RUA SANTO ANIBALE MARIE DI FRANCIA, Nº 14 - CENTRO - PASSOS;-207.235.657;-466.070.281;V01010 - VITIMA COM DOR PRECORDIAL (PEITO) (C) (Prioridade: 1 - Alta);1CIA IND/2CIA/1PEL(PASSOS);UR0565;Não;Não;Não;BOLETIM DE OCORRENCIA;Classificada;19/06/2020 07:49;Não
2020-11155141-6;(BM) 2020-029339864-001;19/06/2020 07:56;RODOVIA MG 050, Nº S/N - NOSSA SENHORA DAS GRAÇAS - PASSOS;-20.739.951;-466.020.282;V01018 - VITIMA DE MAL NAO DEFINIDO (DISTURBIO) (C) (Prioridade: 1 - Alta);1CIA IND/2CIA/1PEL(PASSOS);UR0565;Não;Não;Não;BOLETIM DE OCORRENCIA;Classificada;20/06/2020 17:39;Não
2020-11156029-1;(BM) 2020-029385340-001;19/06/2020 09:15;RUA LAMPADOSA, Nº S/N - RECANTO DEL REI - PASSOS;-207.299.098;-465.991.859;S06001 - SALVAMENTO DE ANIMAL EM RISCO / PERIGO (C) (Prioridade: 2 - Média);1CIA IND/2CIA/1PEL(PASSOS);ASL00064;Não;Não;Não;BOLETIM DE OCORRENCIA;Classificada;20/06/2020 17:36;Não
2020-11156396-2;(BM) 2020-029345376-001;19/06/2020 09:45;RODOVIA MG 050, Km 344 - PASSOS;-207.262.559;-4.650.278;Y40035 - APOIO DE SOLO EM OPERACOES AEREAS (C) (Prioridade: 2 - Média);1CIA IND/2CIA/1PEL(PASSOS);UR0565;Não;Não;Não;BOLETIM DE OCORRENCIA;Classificada;20/06/2020 17:36;Não
2020-11156444-3;(BM) 2020-029359499-001;19/06/2020 09:48;RODOVIA MG 050, Km 344 - PASSOS;-207.262.559;-4.650.278;Y40035 - APOIO DE SOLO EM OPERACOES AEREAS (C) (Prioridade: 2 - Média);1CIA IND/2CIA/1PEL(PASSOS);1193;Não;Não;Não;BOLETIM DE OCORRENCIA;Classificada;20/06/2020 17:37;Não
2020-11158698-2;(BM) 2020-029381289-001;19/06/2020 13:30;AVENIDA EXPEDICIONARIOS, Nº S/N - SAO BENEDITO - PASSOS;-207.225.155;-466.016.721;P01002 - VISTORIA DE LIBERACAO / EMISSAO DE AVCB (C) (Prioridade: 2 - Média);1CIA IND/2CIA/PEL PREV E VIST(PASSOS);APF01362;Não;Não;Não;BOLETIM DE OCORRENCIA;Classificada;20/06/2020 17:36;Não
2020-11159376-1;(BM) 2020-029402483-001;19/06/2020 14:20;RUA COIMBRAS, Nº S/N - JARDIM ELAINE - PASSOS;-206.944.347;-466.170.168;P02001 - VISTORIA EM HIDRANTE (C) (Prioridade: 2 - Média);1CIA IND/2CIA/1PEL(PASSOS);ABTS0495;Não;Não;Não;BOLETIM DE OCORRENCIA;Classificada;20/06/2020 17:38;Não
2020-11160043-6;(BM) 2020-029401147-001;19/06/2020 14:55;RUA CANJERANUS, Nº 940 - CANJERANUS - PASSOS;-207.112.789;-466.070.677;P01002 - VISTORIA DE LIBERACAO / EMISSAO DE AVCB (C) (Prioridade: 2 - Média);1CIA IND/2CIA/PEL PREV E VIST(PASSOS);APF01362;Não;Não;Não;BOLETIM DE OCORRENCIA;Classificada;20/06/2020 17:37;Não
2020-11160445-0;(BM) 2020-029409849-001;19/06/2020 15:20;AVENIDA PROJETADA, Nº S/N - JARDIM FLORENCA - PASSOS;-206.924.763;-466.115.051;P02001 - VISTORIA EM HIDRANTE (C) (Prioridade: 2 - Média);1CIA IND/2CIA/1PEL(PASSOS);ABTS0495;Não;Não;Não;BOLETIM DE OCORRENCIA;Classificada;20/06/2020 17:37;Não
2020-11160881-1;(BM) 2020-029409093-001;19/06/2020 15:47;RUA PEDRO SICAR ROMANELLI, Nº 61 - NOVA CALIFORNIA - PASSOS;-207.024.212;-466.247.623;O04012 - INCENDIO EM LOTE VAGO (AREA URBANA) (C) (Prioridade: 2 - Média);1CIA IND/2CIA/1PEL(PASSOS);ABTS0495;Não;Não;Não;BOLETIM DE OCORRENCIA;Classificada;20/06/2020 17:37;Não
2020-11161289-1;(BM) 2020-029431667-001;19/06/2020 16:16;RUA BONSUCESSO, Nº 888 - CANDEIAS - PASSOS;-20.721.233;-466.188.426;P02001 - VISTORIA EM HIDRANTE (C) (Prioridade: 2 - Média);1CIA IND/2CIA/1PEL(PASSOS);ABTS0495;Não;Não;Não;BOLETIM DE OCORRENCIA;Classificada;20/06/2020 17:37;Não
2020-11162268-7;(BM) 2020-029431760-001;19/06/2020 17:16;AVENIDA PENHA, Nº 86 - PASSOS;-207.253.205;-46.620.158;P02001 - VISTORIA EM HIDRANTE (C) (Prioridade: 2 - Média);1CIA IND/2CIA/1PEL(PASSOS);ABTS0495;Não;Não;Não;BOLETIM DE OCORRENCIA;Classificada;20/06/2020 17:37;Não
2020-11162929-7;(BM) 2020-029441192-001;19/06/2020 18:03;AVENIDA OTTO KRAKAUER, Nº 900 - SANTA CASA - PASSOS;-207.113.585;-466.112.457;P02001 - VISTORIA EM HIDRANTE (C) (Prioridade: 2 - Média);1CIA IND/2CIA/1PEL(PASSOS);ABTS0495;Não;Não;Não;BOLETIM DE OCORRENCIA;Classificada;20/06/2020 17:37;Não
2020-11163303-1;(BM) 2020-029445407-001;19/06/2020 18:25;AVENIDA NACOES, Nº 259 - VILA RICA - PASSOS;-20.727.933;-465.984.176;P02001 - VISTORIA EM HIDRANTE (C) (Prioridade: 2 - Média);1CIA IND/2CIA/1PEL(PASSOS);ABTS0495;Não;Não;Não;BOLETIM DE OCORRENCIA;Classificada;20/06/2020 17:37;Não
2020-11164296-3;(BM) 2020-029467792-001;19/06/2020 19:32;AVENIDA ESTACAO, Nº S/N - PARQUE DA ESTACAO - PASSOS;-20.707.448;-466.107.269;O04012 - INCENDIO EM LOTE VAGO (AREA URBANA) (C) (Prioridade: 2 - Média);1CIA IND/2CIA/1PEL(PASSOS);ABTS0495;Não;Não;Não;BOLETIM DE OCORRENCIA;Classificada;20/06/2020 17:37;Não
2020-11166858-2;(BM) 2020-029493985-001;19/06/2020 22:45;RODOVIA MG 050, Nº S/N - NOSSA SENHORA DAS GRAÇAS - PASSOS;-20.739.951;-466.020.282;S05201 - CAPOTAMENTO DE AUTOMOVEL (CARRO, CAMIONETA, CAMINHONETE) (C) (Prioridade: 1 - Alta);1CIA IND/2CIA/1PEL(PASSOS);UR0565;Não;Não;Não;BOLETIM DE OCORRENCIA;Classificada;20/06/2020 17:40;Não
2020-11171781-9;(BM) 2020-029539917-001;20/06/2020 09:29;RUA PARA, Nº 1256 - BELA VISTA - PASSOS;-207.144.913;-465.995.155;V01999 - OUTROS TIPOS DE APH CLINICO (C) (Prioridade: 1 - Alta);1CIA IND/2CIA/1PEL(PASSOS);UR0565;Não;Não;Não;BOLETIM DE OCORRENCIA;Classificada;21/06/2020 21:58;Não
2020-11172060-2;(BM) 2020-029542494-001;20/06/2020 09:54;RUA MACHADO DE ASSIS, Nº 230 - SAO FRANCISCO - PASSOS;-207.240.861;-466.183.725;V01010 - VITIMA COM DOR PRECORDIAL (PEITO) (C) (Prioridade: 1 - Alta);1CIA IND/2CIA/1PEL(PASSOS);UR0565;Não;Não;Não;BOLETIM DE OCORRENCIA;Classificada;21/06/2020 21:58;Não
2020-11172566-1;(BM) 2020-029548190-001;20/06/2020 10:50;AVENIDA JUCA STOCKLER, Nº 1530 - NOSSA SENHORA DAS GRAÇAS - PASSOS;-207.365.885;-466.027.501;P02001 - VISTORIA EM HIDRANTE (C) (Prioridade: 2 - Média);1CIA IND/2CIA/1PEL(PASSOS);ABTS0495;Não;Não;Não;BOLETIM DE OCORRENCIA;Classificada;21/06/2020 21:59;Não
2020-11172569-0;(BM) 2020-029548360-001;20/06/2020 10:52;RUA DOUTOR JOSE LEMOS DE BARROS, Nº S/N - CENTRO - PASSOS;-20.725.713;-466.104.556;P02001 - VISTORIA EM HIDRANTE (C) (Prioridade: 2 - Média);1CIA IND/2CIA/1PEL(PASSOS);ABTS0495;Não;Não;Não;BOLETIM DE OCORRENCIA;Classificada;21/06/2020 21:59;Não
2020-11172742-2;(BM) 2020-029550055-001;20/06/2020 11:10;RUA CAMBUQUIRA, Nº S/N - CENTENARIO - PASSOS;-207.302.194;-466.147.574;P02001 - VISTORIA EM HIDRANTE (C) (Prioridade: 2 - Média);1CIA IND/2CIA/1PEL(PASSOS);ABTS0495;Não;Não;Não;BOLETIM DE OCORRENCIA;Classificada;21/06/2020 21:59;Não
2020-11172798-7;(BM) 2020-029550776-001;20/06/2020 11:18;AVENIDA AROUCA, Nº 140 - CENTRO - PASSOS;-207.152.685;-466.093.884;P02001 - VISTORIA EM HIDRANTE (C) (Prioridade: 2 - Média);1CIA IND/2CIA/1PEL(PASSOS);ABTS0495;Não;Não;Não;BOLETIM DE OCORRENCIA;Classificada;21/06/2020 21:59;Não
2020-11172885-0;(BM) 2020-029551532-001;20/06/2020 11:27;RUA ETIOPIA, Nº S/N - SAO BENEDITO - PASSOS;-207.208.616;-466.038.985;P02001 - VISTORIA EM HIDRANTE (C) (Prioridade: 2 - Média);1CIA IND/2CIA/1PEL(PASSOS);ABTS0495;Não;Não;Não;BOLETIM DE OCORRENCIA;Classificada;21/06/2020 21:59;Não
2020-11172919-0;(BM) 2020-029552104-001;20/06/2020 11:33;PRACA GERALDO DA SILVA MAIA, Nº S/N - CENTRO - PASSOS;-207.208.941;-46.609.005;P02001 - VISTORIA EM HIDRANTE (C) (Prioridade: 2 - Média);1CIA IND/2CIA/1PEL(PASSOS);ABTS0495;Não;Não;Não;BOLETIM DE OCORRENCIA;Classificada;21/06/2020 21:59;Não
2020-11173517-1;(BM) 2020-029559541-001;20/06/2020 12:56;AVENIDA COMENDADOR FRANCISCO A MAIA, Nº 3660 - BELO HORIZONTE - PASSOS;-207.298.301;-466.091.727;S06001 - SALVAMENTO DE ANIMAL EM RISCO / PERIGO (C) (Prioridade: 2 - Média);1CIA IND/2CIA/1PEL(PASSOS);ABTS0495;Não;Não;Não;BOLETIM DE OCORRENCIA;Classificada;21/06/2020 21:59;Não
2020-11174121-6;(BM) 2020-029567290-001;20/06/2020 14:00;AVENIDA JUPITER, Nº S/N - PANORAMA - PASSOS;-207.085.729;-466.206.814;O04012 - INCENDIO EM LOTE VAGO (AREA URBANA) (C) (Prioridade: 2 - Média);1CIA IND/2CIA/1PEL(PASSOS);ABTS0495;Não;Não;Não;BOLETIM DE OCORRENCIA;Classificada;21/06/2020 21:59;Não
2020-11175842-3;(BM) 2020-029591729-001;20/06/2020 16:08;RUA PARAISO, Nº 255 - SANTA CASA - PASSOS;-207.164.134;-466.157.353;V01003 - VITIMA COM CRISE CONVULSIVA (C) (Prioridade: 1 - Alta);1CIA IND/2CIA/1PEL(PASSOS);UR0565;Não;Não;Não;BOLETIM DE OCORRENCIA;Classificada;21/06/2020 21:58;Não
2020-11177022-0;(BM) 2020-029610088-001;20/06/2020 17:33;AVENIDA JUPITER, Nº S/N - PANORAMA - PASSOS;-207.085.729;-466.206.814;O04012 - INCENDIO EM LOTE VAGO (AREA URBANA) (C) (Prioridade: 2 - Média);1CIA IND/2CIA/1PEL(PASSOS);ABTS0495;Não;Não;Não;BOLETIM DE OCORRENCIA;Classificada;21/06/2020 21:58;Não
2020-11177026-1;(BM) 2020-029609660-001;20/06/2020 17:35;RUA AROEIRAS, Nº S/N - VILA ROMANA - PASSOS;-2.074.271;-466.125.352;R01999 - OUTROS TIPOS DE ACOES DE APOIO A COMUNIDADE   (C) (Prioridade: 2 - Média);1CIA IND/2CIA/1PEL(PASSOS);ASL00064;Não;Não;Não;BOLETIM DE OCORRENCIA;Classificada;21/06/2020 21:58;Não
2020-11179418-2;(BM) 2020-029632924-001;20/06/2020 20:18;RODOVIA MG 050, Nº S/N - MARIA PARREIRA - ITAU DE MINAS;-20.747.495;-467.514.113;V02502 - VITIMA DE QUEDA (MOTOCICLISTA) (C) (Prioridade: 1 - Alta);1CIA IND/2CIA/1PEL(PASSOS);UR0565;Não;Não;Não;BOLETIM DE OCORRENCIA;Classificada;21/06/2020 21:58;Não
2020-11187890-3;(BM) 2020-029711771-001;21/06/2020 11:05;RUA JORGE BACIL, Nº 620 - NOVA CALIFORNIA - PASSOS;-206.989.812;-466.244.861;V01009 - VITIMA COM DOR NA COLUNA VERTEBRAL (COSTAS) (C) (Prioridade: 1 - Alta);1CIA IND/2CIA/1PEL(PASSOS);UR0565;Não;Não;Não;BOLETIM DE OCORRENCIA;Classificada;21/06/2020 12:05;Não
2020-11190275-0;(BM) 2020-029744167-001;21/06/2020 15:21;RUA MADRE CARMEN SALLES, Nº 440 - CENTRO - PASSOS;-207.211.994;-466.050.232;S06002 - CAPTURA DE ANIMAL SILVESTRE PERIGOSO / AGRESSIVO (C) (Prioridade: 2 - Média);1CIA IND/2CIA/1PEL(PASSOS);ASL00064;Não;Não;Não;BOLETIM DE OCORRENCIA;Classificada;21/06/2020 21:54;Não
2020-11191558-0;(BM) 2020-029755784-001;21/06/2020 16:51;AVENIDA EXPEDICIONARIOS, Nº S/N - SAO BENEDITO - PASSOS;-207.225.155;-466.016.721;S05308 - COLISAO ENTRE AUTOMOVEL X MOTOCICLETA (C) (Prioridade: 1 - Alta);1CIA IND/2CIA/1PEL(PASSOS);UR0565;Não;Não;Não;BOLETIM DE OCORRENCIA;Classificada;21/06/2020 21:57;Não
2020-11192292-0;(BM) 2020-029755819-001;21/06/2020 17:39;RUA GOIAS, Nº 2756 - JARDIM COLEGIO DE PASSOS - PASSOS;-207.186.174;-465.927.813;O02001 - INCENDIO EM RESIDENCIA/HABITACAO UNIFAMILIAR (CASA) (C) (Prioridade: 1 - Alta);1CIA IND/2CIA/1PEL(PASSOS);ABTS0495;Não;Não;Não;BOLETIM DE OCORRENCIA;Classificada;21/06/2020 21:57;Não
2020-11192887-8;(BM) 2020-029771852-001;21/06/2020 18:16;AVENIDA ANTONIO ADAO DA SILVA, Nº S/N - PENHA 2 - PASSOS;-207.196.212;-466.310.269;O02033 - INCENDIO EM AMONTOADO DE LIXO (C) (Prioridade: 2 - Média);1CIA IND/2CIA/1PEL(PASSOS);ABTS0495;Não;Não;Não;BOLETIM DE OCORRENCIA;Classificada;21/06/2020 21:57;Não
2020-11195658-7;(BM) 2020-029797261-001;21/06/2020 21:20;TRAVESSA TROVADOR, Nº 28 - NOVO HORIZONTE - PASSOS;-20.733.642;-466.008.957;V03018 - VITIMA DE QUEDA DA PROPRIA ALTURA (C) (Prioridade: 1 - Alta);1CIA IND/2CIA/1PEL(PASSOS);UR0565;Não;Não;Não;BOLETIM DE OCORRENCIA;Classificada;21/06/2020 21:56;Não
2020-11199829-0;(BM) 2020-029851215-001;22/06/2020 08:44;RUA CARAJAS, Nº S/N - NOSSA SENHORA APARECIDA - PASSOS;-207.431.001;-466.090.592;V02408 - VITIMA DE COLISAO ENTRE AUTOMOVEL X MOTOCICLETA (C) (Prioridade: 1 - Alta);1CIA IND/2CIA/1PEL(PASSOS);UR0565;Não;Não;Não;BOLETIM DE OCORRENCIA;Classificada;23/06/2020 06:56;Não
2020-11200410-4;(BM) 2020-029855897-001;22/06/2020 09:31;RUA RIO VERDE, Nº 1330 - PASSOS;-206.999.698;-466.173.325;S06003 - CAPTURA DE CAO PERIGOSO / AGRESSIVO (C) (Prioridade: 2 - Média);1CIA IND/2CIA/1PEL(PASSOS);ASL00064;Não;Não;Não;BOLETIM DE OCORRENCIA;Classificada;23/06/2020 06:52;Não
2020-11201047-1;(BM) 2020-029863417-001;22/06/2020 10:25;PRACA SAO DOMINGOS, Nº 844 - JARDIM COLEGIO DE PASSOS - PASSOS;-207.192.653;-46.595.479;V01003 - VITIMA COM CRISE CONVULSIVA (C) (Prioridade: 1 - Alta);1CIA IND/2CIA/1PEL(PASSOS);UR0565;Não;Não;Não;BOLETIM DE OCORRENCIA;Classificada;23/06/2020 06:57;Não
2020-11201301-4;(BM) 2020-029874326-001;22/06/2020 10:47;RUA MADRE CARMEN SALLES, Nº 440 - CENTRO - PASSOS;-207.211.994;-466.050.232;S06002 - CAPTURA DE ANIMAL SILVESTRE PERIGOSO / AGRESSIVO (C) (Prioridade: 2 - Média);1CIA IND/2CIA/1PEL(PASSOS);ASL00064;Não;Não;Não;BOLETIM DE OCORRENCIA;Classificada;23/06/2020 06:50;Não
2020-11203023-4;(BM) 2020-029900880-001;22/06/2020 13:36;RUA COIMBRAS, Nº 1254 - JARDIM ELAINE - PASSOS;-206.972.878;-466.163.811;S04011 - SALVAMENTO DE PESSOA PRESA EM GRADE / BUEIRO (C) (Prioridade: 1 - Alta);1CIA IND/2CIA/1PEL(PASSOS);ABTS0495 / UR0565;Não;Não;Não;BOLETIM DE OCORRENCIA;Classificada;23/06/2020 06:47;Não
2020-11205195-0;(BM) 2020-029923725-001;22/06/2020 15:50;RUA SETE DE SETEMBRO, Nº 684 - BELO HORIZONTE - PASSOS;-207.285.191;-466.072.159;S06001 - SALVAMENTO DE ANIMAL EM RISCO / PERIGO (C) (Prioridade: 2 - Média);1CIA IND/2CIA/1PEL(PASSOS);ABTS0495;Não;Não;Não;BOLETIM DE OCORRENCIA;Classificada;23/06/2020 06:47;Não
2020-11207412-8;(BM) 2020-029959340-001;22/06/2020 18:17;RUA ITABIRA, Nº 74 - NOSSA SENHORA DE FATIMA - PASSOS;-207.043.629;-466.147.296;W05000 - DUPLICATA (C) (Prioridade: 3 - Baixa);1CIA IND/2CIA/1PEL(PASSOS);UR0565;Não;Não;Não;BOLETIM DE OCORRENCIA;Classificada;23/06/2020 06:59;Não
2020-11208262-2;(BM) 2020-029970080-001;22/06/2020 19:20;RUA CARAMBOLA, Nº 104 - NOSSA SENHORA DE LOURDES - PASSOS;-206.998.461;-466.191.903;S06006 - EXTERMINIO DE INSETOS (C) (Prioridade: 2 - Média);1CIA IND/2CIA/1PEL(PASSOS);ASL00064;Não;Não;Não;BOLETIM DE OCORRENCIA;Classificada;23/06/2020 06:54;Não
2020-11208269-1;(BM) 2020-029970497-001;22/06/2020 19:22;RUA FLORIANOPOLIS, Nº S/N - JARDIM COLEGIO DE PASSOS - PASSOS;-207.206.697;-465.954.644;O02033 - INCENDIO EM AMONTOADO DE LIXO (C) (Prioridade: 2 - Média);1CIA IND/2CIA/1PEL(PASSOS);ABTS0495;Não;Não;Não;BOLETIM DE OCORRENCIA;Classificada;23/06/2020 06:47;Não
2020-11212061-4;(BM) 2020-030026570-001;23/06/2020 04:33;RUA RECANTO DA PENHA, Nº 28 - JARDIM SATELITE - PASSOS;-207.140.787;-466.229.525;W04000 - NADA CONSTATADO (C) (Prioridade: 3 - Baixa);1CIA IND/2CIA/1PEL(PASSOS);UR0565;Não;Não;Não;BOLETIM DE OCORRENCIA;Classificada;23/06/2020 07:00;Não
2020-11213130-0;(BM) 2020-030052603-001;23/06/2020 08:24;RUA MORGANITA, Nº 526 - ACLIMACAO - PASSOS;-207.531.592;-466.054.119;S06001 - SALVAMENTO DE ANIMAL EM RISCO / PERIGO (C) (Prioridade: 2 - Média);1CIA IND/2CIA/1PEL(PASSOS);ASL00064;Não;Não;Não;BOLETIM DE OCORRENCIA;Classificada;24/06/2020 07:49;Não
2020-11214832-3;(BM) 2020-030072147-001;23/06/2020 10:49;AVENIDA JUPITER, Nº S/N - PANORAMA - PASSOS;-207.085.729;-466.206.814;S06001 - SALVAMENTO DE ANIMAL EM RISCO / PERIGO (C) (Prioridade: 2 - Média);1CIA IND/2CIA/1PEL(PASSOS);UR0565;Não;Não;Não;BOLETIM DE OCORRENCIA;Classificada;24/06/2020 07:49;Não
2020-11215956-1;(BM) 2020-030087719-001;23/06/2020 12:43;AVENIDA PAULO ESPER PIMENTA, Nº 151 - PARQUE DA ESTACAO - PASSOS;-207.092.421;-466.125.297;O04012 - INCENDIO EM LOTE VAGO (AREA URBANA) (C) (Prioridade: 2 - Média);1CIA IND/2CIA/1PEL(PASSOS);ABTS0495;Não;Não;Não;BOLETIM DE OCORRENCIA;Classificada;24/06/2020 07:48;Não
2020-11216324-3;(BM) 2020-030102292-001;23/06/2020 13:25;RUA EZIO PINHEIRO DE CARVALHO, Nº 627 - SAO FRANCISCO - PASSOS;-207.270.001;-466.204.416;O02001 - INCENDIO EM RESIDENCIA/HABITACAO UNIFAMILIAR (CASA) (C) (Prioridade: 1 - Alta);1CIA IND/2CIA/1PEL(PASSOS);ABTS0495;Não;Não;Não;BOLETIM DE OCORRENCIA;Classificada;24/06/2020 07:48;Não
2020-11217551-0;(BM) 2020-030102721-001;23/06/2020 14:47;AVENIDA NACOES, Nº S/N - VILA RICA - PASSOS;-20.727.772;-465.999.239;O04012 - INCENDIO EM LOTE VAGO (AREA URBANA) (C) (Prioridade: 2 - Média);1CIA IND/2CIA/1PEL(PASSOS);ABTS0495;Não;Não;Não;BOLETIM DE OCORRENCIA;Classificada;24/06/2020 07:48;Não
2020-11217853-0;(BM) 2020-030114362-001;23/06/2020 15:05;RUA HONDURAS, Nº 528 - POLIVALENTE - PASSOS;-20.702.379;-466.051.952;V01018 - VITIMA DE MAL NAO DEFINIDO (DISTURBIO) (C) (Prioridade: 1 - Alta);1CIA IND/2CIA/1PEL(PASSOS);UR0565;Não;Não;Não;BOLETIM DE OCORRENCIA;Classificada;24/06/2020 07:48;Não
2020-11221093-1;(BM) 2020-030156021-001;23/06/2020 18:32;RUA SANTA CASA, Nº 63 - SANTA CASA - PASSOS;-207.129.487;-466.114.813;S05302 - COLISAO ENTRE MOTOCICLETAS (C) (Prioridade: 1 - Alta);1CIA IND/2CIA/1PEL(PASSOS);UR0565;Não;Não;Não;BOLETIM DE OCORRENCIA;Classificada;24/06/2020 07:48;Não
2020-11222986-2;(BM) 2020-030187730-001;23/06/2020 21:00;RUA GUATEMALA, Nº 514 - POLIVALENTE - PASSOS;-207.014.416;-466.033.953;S06002 - CAPTURA DE ANIMAL SILVESTRE PERIGOSO / AGRESSIVO (C) (Prioridade: 2 - Média);1CIA IND/2CIA/1PEL(PASSOS);ASL00064;Não;Não;Não;BOLETIM DE OCORRENCIA;Classificada;24/06/2020 07:48;Não
2020-11223588-5;(BM) 2020-030189019-001;23/06/2020 21:54;RUA CEARA, Nº S/N - BELA VISTA - PASSOS;-207.157.941;-466.004.378;O02027 - INCENDIO EM VEICULO AUTOMOTOR (EXCETO TANQUE DE CARGA) (C) (Prioridade: 1 - Alta);1CIA IND/2CIA/1PEL(PASSOS);ABTS0495;Não;Não;Não;BOLETIM DE OCORRENCIA;Classificada;24/06/2020 07:48;Não
2020-11226013-0;(BM) 2020-030225384-001;24/06/2020 06:52;RUA BARAO DE PASSOS, Nº S/N - BELA VISTA - PASSOS;-207.138.188;-466.018.173;O02027 - INCENDIO EM VEICULO AUTOMOTOR (EXCETO TANQUE DE CARGA) (C) (Prioridade: 1 - Alta);1CIA IND/2CIA/1PEL(PASSOS);ABTS0495;Não;Não;Não;BOLETIM DE OCORRENCIA;Classificada;24/06/2020 07:48;Não
2020-11227543-9;(BM) 2020-030249327-001;24/06/2020 09:34;RUA BARIRIS, Nº 235 - SAO JOAQUIM - PASSOS;-207.425.977;-46.602.851;V02408 - VITIMA DE COLISAO ENTRE AUTOMOVEL X MOTOCICLETA (C) (Prioridade: 1 - Alta);1CIA IND/2CIA/1PEL(PASSOS);UR0565;Não;Não;Não;BOLETIM DE OCORRENCIA;Classificada;25/06/2020 07:16;Não
2020-11228767-1;(BM) 2020-030269161-001;24/06/2020 11:22;AVENIDA PERIMETRAL, Nº S/N - PENHA - PASSOS;-207.217.481;-466.215.253;O04012 - INCENDIO EM LOTE VAGO (AREA URBANA) (C) (Prioridade: 2 - Média);1CIA IND/2CIA/1PEL(PASSOS);ABTS0495;Não;Não;Não;BOLETIM DE OCORRENCIA;Classificada;25/06/2020 07:16;Não
2020-11229359-0;(BM) 2020-030269224-001;24/06/2020 12:31;RUA MONJOLO, Nº S/N - CASARAO - PASSOS;-207.196.785;-46.587.473;V03018 - VITIMA DE QUEDA DA PROPRIA ALTURA (C) (Prioridade: 1 - Alta);1CIA IND/2CIA/1PEL(PASSOS);UR0565;Não;Não;Não;BOLETIM DE OCORRENCIA;Classificada;25/06/2020 07:15;Não
2020-11230234-2;(BM) 2020-030284787-001;24/06/2020 13:59;RUA MOSCOU, Nº S/N - MUARAMA 2 - PASSOS;-207.346.389;-466.101.192;O04012 - INCENDIO EM LOTE VAGO (AREA URBANA) (C) (Prioridade: 2 - Média);1CIA IND/2CIA/1PEL(PASSOS);ABTS0495;Não;Não;Não;BOLETIM DE OCORRENCIA;Classificada;25/06/2020 07:16;Não
2020-11230913-4;(BM) 2020-030292181-001;24/06/2020 14:45;RUA MARIA AUGUSTA DE FARIA, Nº S/N - JARDIM CANADA - PASSOS;-207.475.719;-466.079.138;O04012 - INCENDIO EM LOTE VAGO (AREA URBANA) (C) (Prioridade: 2 - Média);1CIA IND/2CIA/1PEL(PASSOS);ABTS0495;Não;Não;Não;BOLETIM DE OCORRENCIA;Classificada;25/06/2020 07:16;Não
2020-11231614-9;(BM) 2020-030303679-001;24/06/2020 15:28;ESTRADA JULIEIRA, Nº 600 - NOVA CALIFORNIA - PASSOS;-207.009.897;-466.254.465;O04012 - INCENDIO EM LOTE VAGO (AREA URBANA) (C) (Prioridade: 2 - Média);1CIA IND/2CIA/1PEL(PASSOS);ABTS0495;Não;Não;Não;BOLETIM DE OCORRENCIA;Classificada;25/06/2020 07:16;Não
2020-11231858-3;;24/06/2020 15:45;AVENIDA MAE DOS HOMENS, Nº 785 - MARIA IMACULADA - POCOS DE CALDAS;;;O04012 - INCENDIO EM LOTE VAGO (AREA URBANA) (C) (Prioridade: 2 - Média);1CIA IND (POCOS DE CALDAS);;Não;Não;Não;ATENPO-ATENDIDA POR OUTROS ÓRGÃOS;Classificada;24/06/2020 16:30;Não
2020-11232632-6;(BM) 2020-030318755-001;24/06/2020 16:30;AVENIDA COMENDADOR FRANCISCO A MAIA, Nº S/N - CENTRO - PASSOS;-2.071.934;-466.130.801;V03018 - VITIMA DE QUEDA DA PROPRIA ALTURA (C) (Prioridade: 1 - Alta);1CIA IND/2CIA/1PEL(PASSOS);UR0565;Não;Não;Não;BOLETIM DE OCORRENCIA;Classificada;25/06/2020 07:15;Não
2020-11234176-0;(BM) 2020-030341643-001;24/06/2020 18:19;RUA MOINHO, Nº 300 - CASARAO - PASSOS;-207.225.065;-465.905.138;O04012 - INCENDIO EM LOTE VAGO (AREA URBANA) (C) (Prioridade: 2 - Média);1CIA IND/2CIA/1PEL(PASSOS);ABTS0495;Não;Não;Não;BOLETIM DE OCORRENCIA;Classificada;25/06/2020 07:16;Não
2020-11234333-6;(BM) 2020-030344073-001;24/06/2020 18:31;RUA DOUTOR CARVALHO, Nº 1111 - BELO HORIZONTE - PASSOS;-207.314.277;-466.050.823;V01023 - VITIMA DE SINCOPE (DESMAIO) (C) (Prioridade: 1 - Alta);1CIA IND/2CIA/1PEL(PASSOS);UR0565;Não;Não;Não;BOLETIM DE OCORRENCIA;Classificada;25/06/2020 07:15;Não
2020-11234457-9;(BM) 2020-030345786-001;24/06/2020 18:41;RUA DONA CANDIDA DONABELLA BORSARI, Nº 576 - COHAB 3 - PASSOS;-207.034.507;-466.261.934;O04003 - INCENDIO EM PRODUCAO AGRICOLA / PASTO (C) (Prioridade: 2 - Média);1CIA IND/2CIA/1PEL(PASSOS);ABTS0495;Não;Não;Não;BOLETIM DE OCORRENCIA;Classificada;25/06/2020 07:16;Não
2020-11239294-3;(BM) 2020-030413473-001;25/06/2020 07:14;AVENIDA COMENDADOR FRANCISCO A MAIA, Nº 3235 - BELO HORIZONTE - PASSOS;-207.270.247;-466.106.629;O02003 - INCENDIO EM EDIFICACAO COMERCIAL (C) (Prioridade: 1 - Alta);1CIA IND/2CIA/1PEL(PASSOS);ABTS0495;Não;Não;Não;BOLETIM DE OCORRENCIA;Classificada;25/06/2020 19:09;Não
2020-11239812-6;(BM) 2020-030423111-001;25/06/2020 08:18;RUA LIMAO, Nº 608 - PASSOS;-207.333.347;-466.124.494;V01003 - VITIMA COM CRISE CONVULSIVA (C) (Prioridade: 1 - Alta);1CIA IND/2CIA/1PEL(PASSOS);UR0565;Não;Não;Não;BOLETIM DE OCORRENCIA;Classificada;25/06/2020 19:07;Não
2020-11240656-0;(BM) 2020-030427530-001;25/06/2020 09:36;RODOVIA MG 050 KM 15 - PROXIMO TERRA ROXA, Nº S/N - PASSOS;-207.248.073;-465.329.428;S06002 - CAPTURA DE ANIMAL SILVESTRE PERIGOSO / AGRESSIVO (C) (Prioridade: 2 - Média);1CIA IND/2CIA/1PEL(PASSOS);ASL00064;Não;Não;Não;BOLETIM DE OCORRENCIA;Classificada;25/06/2020 19:09;Não
2020-11240931-2;(BM) 2020-030431014-001;25/06/2020 10:00;AVENIDA COMENDADOR FRANCISCO A MAIA, Nº S/N - CENTRO - PASSOS;-2.071.934;-466.130.801;V02408 - VITIMA DE COLISAO ENTRE AUTOMOVEL X MOTOCICLETA (C) (Prioridade: 1 - Alta);1CIA IND/2CIA/1PEL(PASSOS);UR0565;Não;Não;Não;BOLETIM DE OCORRENCIA;Classificada;25/06/2020 19:07;Não
2020-11242782-5;(BM) 2020-030457103-001;25/06/2020 13:06;RUA GOIANIA, Nº 360 - JARDIM COLEGIO DE PASSOS - PASSOS;-207.201.253;-465.926.581;S06002 - CAPTURA DE ANIMAL SILVESTRE PERIGOSO / AGRESSIVO (C) (Prioridade: 2 - Média);1CIA IND/2CIA/1PEL(PASSOS);ASL00064;Não;Não;Não;BOLETIM DE OCORRENCIA;Classificada;25/06/2020 19:08;Não
2020-11243238-6;(BM) 2020-030474518-001;25/06/2020 13:50;RUA MOGIANA, Nº 380 - PARQUE DA ESTACAO - PASSOS;-207.079.896;-466.103.359;O04012 - INCENDIO EM LOTE VAGO (AREA URBANA) (C) (Prioridade: 2 - Média);1CIA IND/2CIA/1PEL(PASSOS);ABTS0495;Não;Não;Não;BOLETIM DE OCORRENCIA;Classificada;25/06/2020 19:08;Não
2020-11244323-9;(BM) 2020-030480151-001;25/06/2020 15:01;AVENIDA ANTONIO DIAS MACHADO, Nº 657 - DISTRITO INDUSTRIAL 2 - PASSOS;-207.308.947;-46.646.303;X03000 - EMPENHO ADMINISTRATIVO (C) (Prioridade: 2 - Média);1CIA IND/2CIA/PEL PREV E VIST(PASSOS);APF01362;Não;Não;Não;BOLETIM DE OCORRENCIA;Classificada;25/06/2020 19:09;Não
2020-11250144-4;(BM) 2020-030563200-001;25/06/2020 22:07;RUA FAZENDEIROS, Nº 115 - MONSENHOR MESSIAS - PASSOS;-207.373.781;-466.010.975;O04012 - INCENDIO EM LOTE VAGO (AREA URBANA) (C) (Prioridade: 2 - Média);1CIA IND/2CIA/1PEL(PASSOS);ABTS0495;Não;Não;Não;BOLETIM DE OCORRENCIA;Classificada;26/06/2020 06:57;Não
2020-11252680-1;(BM) 2020-030599702-001;26/06/2020 06:55;AVENIDA JUCA STOCKLER, Nº S/N - ACLIMACAO - PASSOS;-20.755.412;-4.659.837;P03001 - PERIGO DE DERRAPAGEM (C) (Prioridade: 2 - Média);1CIA IND/2CIA/1PEL(PASSOS);ASL00064;Não;Não;Não;BOLETIM DE OCORRENCIA;Classificada;26/06/2020 08:03;Não
2020-11253441-6;(BM) 2020-030602407-001;26/06/2020 08:25;RUA MADRE CARMEN SALLES, Nº 440 - CENTRO - PASSOS;-207.211.994;-466.050.232;S06002 - CAPTURA DE ANIMAL SILVESTRE PERIGOSO / AGRESSIVO (C) (Prioridade: 2 - Média);1CIA IND/2CIA/1PEL(PASSOS);ASL00064;Não;Não;Não;BOLETIM DE OCORRENCIA;Classificada;27/06/2020 07:16;Não
2020-11256080-6;(BM) 2020-030639173-001;26/06/2020 12:37;RUA TAMOIOS, Nº 58 - CANDEIAS - PASSOS;-20.724.481;-46.616.097;V01018 - VITIMA DE MAL NAO DEFINIDO (DISTURBIO) (C) (Prioridade: 1 - Alta);1CIA IND/2CIA/1PEL(PASSOS);UR0565;Não;Não;Não;BOLETIM DE OCORRENCIA;Classificada;27/06/2020 07:16;Não
2020-11256135-6;(BM) 2020-030639669-001;26/06/2020 12:47;AVENIDA EXPEDICIONARIOS, Nº 1342 - JARDIM COLEGIO DE PASSOS - PASSOS;-207.240.478;-465.949.237;V01019 - VITIMA COM OBSTRUCAO DE VIAS AEREAS POR CORPOS ESTRANHOS (C) (Prioridade: 1 - Alta);1CIA IND/2CIA/1PEL(PASSOS);ASL00064;Não;Não;Não;BOLETIM DE OCORRENCIA;Classificada;27/06/2020 07:16;Não
2020-11256490-8;(BM) 2020-030643799-001;26/06/2020 13:22;AVENIDA JUCA STOCKLER, Nº 1973 - JARDIM EMBRATEL - PASSOS;-207.408.052;-466.010.684;V03018 - VITIMA DE QUEDA DA PROPRIA ALTURA (C) (Prioridade: 1 - Alta);1CIA IND/2CIA/1PEL(PASSOS);UR0565;Não;Não;Não;BOLETIM DE OCORRENCIA;Classificada;27/06/2020 07:16;Não
2020-11261205-9;(BM) 2020-030710858-002;26/06/2020 18:43;RODOVIA MG 050, Nº S/N - NOSSA SENHORA DAS GRAÇAS - PASSOS;-20.739.951;-466.020.282;V02302 - VITIMA DE CAPOTAMENTO DE CAMINHAO / CARRETA (C) (Prioridade: 1 - Alta);1CIA IND/2CIA/1PEL(PASSOS);UR0565 / ABTS0495;Não;Não;Não;BOLETIM DE OCORRENCIA;Classificada;27/06/2020 07:16;Não
2020-11261327-6;;26/06/2020 18:50;PRACA CRUZEIRO, Nº S/N - JARDIM SATELITE - PASSOS;-207.161.866;-466.205.947;W08000 - CANCELADA POR INDISPONIBILIDADE DE VIATURA (C) (Prioridade: 3 - Baixa);1CIA IND/2CIA/1PEL(PASSOS);;Não;Não;Não;W08000-CANCELADA POR INDISPONIBILIDADE DE MEIOS;Classificada;26/06/2020 20:15;Não
2020-11262940-7;(BM) 2020-030730062-001;26/06/2020 20:33;RUA DA GRACA, Nº 708 - SAO FRANCISCO - PASSOS;-207.267.974;-466.195.369;W03000 - SOLICITANTE ENCONTRADO - PROVIDENCIA DISPENSADA (C) (Prioridade: 3 - Baixa);1CIA IND/2CIA/1PEL(PASSOS);UR0565;Não;Não;Não;BOLETIM DE OCORRENCIA;Classificada;27/06/2020 07:17;Não
2020-11268859-3;(BM) 2020-030789569-001;27/06/2020 08:15;RUA ATENAS, Nº 897 - CALIFORNIA - PASSOS;-207.054.572;-466.202.534;S06001 - SALVAMENTO DE ANIMAL EM RISCO / PERIGO (C) (Prioridade: 2 - Média);1CIA IND/2CIA/1PEL(PASSOS);ASL00064;Não;Não;Não;BOLETIM DE OCORRENCIA;Classificada;28/06/2020 07:38;Não
2020-11269445-6;(BM) 2020-030801972-001;27/06/2020 09:18;AVENIDA DOUTOR BRENO SOARES MAIA, Nº 670 - NOVO HORIZONTE - PASSOS;-207.317.857;-466.033.737;W99000 - OUTROS PROCEDIMENTOS ADMINISTRATIVOS (C) (Prioridade: 3 - Baixa);1CIA IND/2CIA/1PEL(PASSOS);UR0565;Não;Não;Não;BOLETIM DE OCORRENCIA;Classificada;28/06/2020 07:38;Não
2020-11270693-5;(BM) 2020-030809323-002;27/06/2020 11:40;RODOVIA MG 050, Km 362 - PASSOS;-207.366.916;-46.667.513;Y40035 - APOIO DE SOLO EM OPERACOES AEREAS (C) (Prioridade: 2 - Média);1CIA IND/2CIA/1PEL(PASSOS);UR0565 / ASL00064;Não;Não;Não;BOLETIM DE OCORRENCIA;Classificada;28/06/2020 07:38;Não
2020-11273589-0;(BM) 2020-030940255-001;27/06/2020 16:05;RUA BUENOS AIRES, Nº S/N - NOVA CALIFORNIA - PASSOS;-20.703.798;-466.221.381;S06005 - CAPTURA DE INSETOS (C) (Prioridade: 2 - Média);1CIA IND/2CIA/1PEL(PASSOS);UR0565;Não;Não;Não;BOLETIM DE OCORRENCIA;Classificada;28/06/2020 07:40;Não
2020-11279567-0;(BM) 2020-030904420-001;27/06/2020 23:07;RUA TIOLINA SANTOS DE BRITO, Nº 600 - RESIDENCIAL RIO GRANDE - SAO JOAO BATISTA GLORIA;-206.462.783;-465.082.138;O04008 - INCENDIO EM AREA RURAL NAO PROTEGIDA (C) (Prioridade: 2 - Média);1CIA IND/2CIA/1PEL(PASSOS);ABTS0495;Não;Não;Não;BOLETIM DE OCORRENCIA;Classificada;28/06/2020 07:39;Não
2020-11284261-9;(BM) 2020-030944933-001;28/06/2020 08:51;FAZENDA TURVO - QUIOSQUE - DESTINO MINAS TURISMO E POUSADAS LTDA - ME, Nº S/N - CAPITOLIO;-206.540.885;-462.139.811;S04007 - BUSCA E SALVAMENTO DE PESSOA PERDIDA / DESAPARECIDA (C) (Prioridade: 1 - Alta);1CIA IND/2CIA/1PEL(PASSOS);ASL00064;Não;Não;Não;BOLETIM DE OCORRENCIA;Classificada;29/06/2020 06:56;Não
2020-11290027-6;(BM) 2020-031006420-001;28/06/2020 18:11;AVENIDA PERIMETRAL, Nº S/N - PENHA - PASSOS;-207.217.481;-466.215.253;O04012 - INCENDIO EM LOTE VAGO (AREA URBANA) (C) (Prioridade: 2 - Média);1CIA IND/2CIA/1PEL(PASSOS);ABTS0495;Não;Não;Não;BOLETIM DE OCORRENCIA;Classificada;28/06/2020 23:27;Não
2020-11291653-9;(BM) 2020-031021365-001;28/06/2020 19:59;RUA JOAO BATISTA PEREIRA, Nº 626 - JARDIM CANADA II - PASSOS;-207.552.514;-466.095.685;S06002 - CAPTURA DE ANIMAL SILVESTRE PERIGOSO / AGRESSIVO (C) (Prioridade: 2 - Média);1CIA IND/2CIA/1PEL(PASSOS);ASL00064;Não;Não;Não;BOLETIM DE OCORRENCIA;Classificada;28/06/2020 23:27;Não
2020-11291885-4;(BM) 2020-031049306-001;28/06/2020 20:15;RUA PIRAPORA, Nº S/N - NOSSA SENHORA DE FATIMA - PASSOS;-206.995.844;-46.615.761;O04012 - INCENDIO EM LOTE VAGO (AREA URBANA) (C) (Prioridade: 2 - Média);1CIA IND/2CIA/1PEL(PASSOS);ABTS0495;Não;Não;Não;BOLETIM DE OCORRENCIA;Classificada;28/06/2020 23:29;Não
2020-11295586-5;(BM) 2020-031072670-001;29/06/2020 05:49;RUA JOAO PIMENTA, Nº S/N - SAO BENEDITO - PASSOS;-207.220.815;-466.013.967;O02023 - INCENDIO EM LOCAL DE PROCESSAMENTO DE LIXO (C) (Prioridade: 1 - Alta);1CIA IND/2CIA/1PEL(PASSOS);ABTS0495;Não;Não;Não;BOLETIM DE OCORRENCIA;Classificada;29/06/2020 06:56;Não
2020-11295910-1;(BM) 2020-031081095-001;29/06/2020 07:13;AVENIDA EXPEDICIONARIOS / RUA AURORA - PASSOS;-207.225.226;-466.020.657;V02408 - VITIMA DE COLISAO ENTRE AUTOMOVEL X MOTOCICLETA (C) (Prioridade: 1 - Alta);1CIA IND/2CIA/1PEL(PASSOS);UR0565;Não;Não;Não;BOLETIM DE OCORRENCIA;Classificada;01/07/2020 07:09;Não
2020-11296549-4;(BM) 2020-031084333-001;29/06/2020 08:25;RUA BARRINHA, Nº S/N - CENTRO - PASSOS;-207.180.442;-466.134.483;V01003 - VITIMA COM CRISE CONVULSIVA (C) (Prioridade: 1 - Alta);1CIA IND/2CIA/1PEL(PASSOS);UR0565;Não;Não;Não;BOLETIM DE OCORRENCIA;Classificada;01/07/2020 07:09;Não
2020-11301724-5;(BM) 2020-031164627-001;29/06/2020 15:42;RUA TAMOIOS, Nº 58 - CANDEIAS - PASSOS;-20.724.481;-46.616.097;V01006 - VITIMA COM DIFICULDADE DE LOCOMOCAO (C) (Prioridade: 1 - Alta);1CIA IND/2CIA/1PEL(PASSOS);UR0565;Não;Não;Não;BOLETIM DE OCORRENCIA;Classificada;30/06/2020 04:10;Não
2020-11302635-2;;29/06/2020 16:42;AVENIDA POCOS DE CALDAS, Nº 319 - JARDIM SATELITE - PASSOS;-207.119.728;-466.260.626;W04000 - NADA CONSTATADO (C) (Prioridade: 3 - Baixa);1CIA IND/2CIA/1PEL(PASSOS);UR0565;Não;Não;Não;W04000-NADA CONSTATADO;Classificada;29/06/2020 17:12;Não
2020-11303574-5;(BM) 2020-031183467-001;29/06/2020 17:48;AVENIDA JOSE CAETANO DE ANDRADE / RUA TERMOPOLIS - PASSOS;-207.322.784;-466.161.922;V02499 - OUTROS TIPOS DE VITIMAS DE COLISAO NO TRANSITO   (C) (Prioridade: 1 - Alta);1CIA IND/2CIA/1PEL(PASSOS);UR0565;Não;Não;Não;BOLETIM DE OCORRENCIA;Classificada;30/06/2020 04:11;Não
2020-11304585-7;(BM) 2020-031209322-001;29/06/2020 19:04;RUA DOUTOR CARVALHO, Nº 1455 - NOSSA SENHORA DAS GRAÇAS - PASSOS;-207.352.269;-466.037.303;O04011 - INCENDIO EM AREA URBANA NAO PROTEGIDA (C) (Prioridade: 2 - Média);1CIA IND/2CIA/1PEL(PASSOS);ABTS0495;Não;Não;Não;BOLETIM DE OCORRENCIA;Classificada;30/06/2020 04:10;Não
2020-11309734-2;(BM) 2020-031266689-001;30/06/2020 08:56;RUA TRES CORACOES, Nº S/N - BELO HORIZONTE - PASSOS;-207.304.869;-466.094.331;W10000 - DISPENSADA POR DUPLICIDADE DE EMPENHO COM OUTROS ORGAOS (C) (Prioridade: 1 - Alta);1CIA IND/2CIA/1PEL(PASSOS);UR0565;Não;Não;Não;BOLETIM DE OCORRENCIA;Classificada;01/07/2020 07:12;Não
2020-11309961-4;(BM) 2020-031270016-001;30/06/2020 09:19;RUA XAVANTES, Nº 150 - JARDIM EMBRATEL - PASSOS;-207.423.445;-466.040.868;O02013 - INCENDIO EM EDIFICACAO INDUSTRIAL (C) (Prioridade: 1 - Alta);1CIA IND/2CIA/1PEL(PASSOS);ABTS0495;Não;Não;Não;BOLETIM DE OCORRENCIA;Classificada;01/07/2020 07:19;Não
2020-11310050-4;(BM) 2020-031270897-001;30/06/2020 09:25;AVENIDA AROUCA, Nº 634 - CENTRO - PASSOS;-207.183.886;-466.075.394;P01002 - VISTORIA DE LIBERACAO / EMISSAO DE AVCB (C) (Prioridade: 2 - Média);1CIA IND/2CIA/PEL PREV E VIST(PASSOS);APF01362;Não;Não;Não;BOLETIM DE OCORRENCIA;Classificada;01/07/2020 07:14;Não
2020-11310437-4;(BM) 2020-031276960-001;30/06/2020 10:05;RUA SANTA CASA, Nº 36 - SANTA CASA - PASSOS;-207.127.098;-466.112.801;P01002 - VISTORIA DE LIBERACAO / EMISSAO DE AVCB (C) (Prioridade: 2 - Média);1CIA IND/2CIA/PEL PREV E VIST(PASSOS);APF01362;Não;Não;Não;BOLETIM DE OCORRENCIA;Classificada;01/07/2020 07:14;Não
2020-11310987-5;(BM) 2020-031284299-001;30/06/2020 10:49;RUA GOIAS, Nº S/N - POLIVALENTE - PASSOS;-207.058.038;-466.066.694;P01002 - VISTORIA DE LIBERACAO / EMISSAO DE AVCB (C) (Prioridade: 2 - Média);1CIA IND/2CIA/PEL PREV E VIST(PASSOS);APF01362;Não;Não;Não;BOLETIM DE OCORRENCIA;Classificada;01/07/2020 07:15;Não
2020-11311281-2;(BM) 2020-031288412-001;30/06/2020 11:16;AVENIDA SABIA, Nº S/N - PARQUE DA FAZENDA - PASSOS;-207.371.994;-466.090.079;O04012 - INCENDIO EM LOTE VAGO (AREA URBANA) (C) (Prioridade: 2 - Média);1CIA IND/2CIA/1PEL(PASSOS);ABTS0495;Não;Não;Não;BOLETIM DE OCORRENCIA;Classificada;01/07/2020 07:18;Não
2020-11311488-0;(BM) 2020-031292480-001;30/06/2020 11:45;AVENIDA COMENDADOR FRANCISCO A MAIA, Nº 3233 - BELO HORIZONTE - PASSOS;-207.270.139;-466.106.799;P01002 - VISTORIA DE LIBERACAO / EMISSAO DE AVCB (C) (Prioridade: 2 - Média);1CIA IND/2CIA/PEL PREV E VIST(PASSOS);APF01362;Não;Não;Não;BOLETIM DE OCORRENCIA;Classificada;01/07/2020 07:15;Não
2020-11313672-0;(BM) 2020-031329270-001;30/06/2020 14:57;REPRESA FURNAS - REGIAO DA PONTE TORTA, Nº S/N - CARMO DO RIO CLARO;-20.912.065;-460.764.907;S05303 - COLISAO ENTRE AUTOMOVEIS (CARRO, CAMIONETA, CAMINHONETE) (C) (Prioridade: 1 - Alta);1CIA IND/2CIA/1PEL(PASSOS);ASL00064;Não;Não;Não;BOLETIM DE OCORRENCIA;Classificada;01/07/2020 07:27;Não
2020-11314408-8;(BM) 2020-031334909-001;30/06/2020 15:40;RUA CARAJAS, Nº 426 - NOSSA SENHORA APARECIDA - PASSOS;-207.418.761;-466.053.139;V01010 - VITIMA COM DOR PRECORDIAL (PEITO) (C) (Prioridade: 1 - Alta);1CIA IND/2CIA/1PEL(PASSOS);UR0565;Não;Não;Não;BOLETIM DE OCORRENCIA;Classificada;01/07/2020 07:13;Não
2020-11315308-9;(BM) 2020-031348103-001;30/06/2020 16:42;RODOVIA LMG 837, Km 8 - PASSOS;-207.809.487;-466.600.528;O04003 - INCENDIO EM PRODUCAO AGRICOLA / PASTO (C) (Prioridade: 2 - Média);1CIA IND/2CIA/1PEL(PASSOS);ABTS0495;Não;Não;Não;BOLETIM DE OCORRENCIA;Classificada;01/07/2020 07:21;Não
2020-11316977-4;(BM) 2020-031389755-001;30/06/2020 18:36;RODOVIA PASSOS / GLORIA, Nº S/N - PASSOS;-20.700.737;-46.586.887;O04012 - INCENDIO EM LOTE VAGO (AREA URBANA) (C) (Prioridade: 2 - Média);1CIA IND/2CIA/1PEL(PASSOS);ASL00064;Não;Não;Não;BOLETIM DE OCORRENCIA;Classificada;01/07/2020 07:27;Não
2020-11317560-9;(BM) 2020-031389651-001;30/06/2020 19:20;RODOVIA MG 050, Km 378 - ITAU DE MINAS;-207.943.999;-467.847.897;V02109 - VITIMA DE ATROPELAMENTO DE AUTOMOVEL X ANIMAL (C) (Prioridade: 1 - Alta);1CIA IND/2CIA/1PEL(PASSOS);UR0565;Não;Não;Não;BOLETIM DE OCORRENCIA;Classificada;01/07/2020 07:14;Não
2020-11318111-0;(BM) 2020-031389727-001;30/06/2020 20:01;RODOVIA LMG 837, Km 16 - FORTALEZA DE MINAS;-208.405.901;-467.066.877;O02027 - INCENDIO EM VEICULO AUTOMOTOR (EXCETO TANQUE DE CARGA) (C) (Prioridade: 1 - Alta);1CIA IND/2CIA/1PEL(PASSOS);ABTS0495;Não;Não;Não;BOLETIM DE OCORRENCIA;Classificada;01/07/2020 07:21;Não
